target_type,target,language,category,definition_present,story_candidate,story_in_release_pack,image_in_release_pack,recorded_review,next_work
kana,あ,en,gojuon,n/a,True,True,False,False,review_anchor_and_visual_brief
kana,あ,fr,gojuon,n/a,True,True,False,False,review_anchor_and_visual_brief
kana,い,en,gojuon,n/a,True,True,False,False,review_anchor_and_visual_brief
kana,い,fr,gojuon,n/a,True,True,False,False,review_anchor_and_visual_brief
kana,う,en,gojuon,n/a,True,True,False,False,review_anchor_and_visual_brief
kana,う,fr,gojuon,n/a,True,True,False,False,review_anchor_and_visual_brief
kana,え,en,gojuon,n/a,True,True,False,False,review_anchor_and_visual_brief
kana,え,fr,gojuon,n/a,True,True,False,False,review_anchor_and_visual_brief
kana,お,en,gojuon,n/a,True,True,False,False,review_anchor_and_visual_brief
kana,お,fr,gojuon,n/a,True,True,False,False,review_anchor_and_visual_brief
kana,か,en,gojuon,n/a,True,True,False,False,review_anchor_and_visual_brief
kana,か,fr,gojuon,n/a,True,True,False,False,review_anchor_and_visual_brief
kana,き,en,gojuon,n/a,True,True,False,False,review_anchor_and_visual_brief
kana,き,fr,gojuon,n/a,True,True,False,False,review_anchor_and_visual_brief
kana,く,en,gojuon,n/a,True,True,False,False,review_anchor_and_visual_brief
kana,く,fr,gojuon,n/a,True,True,False,False,review_anchor_and_visual_brief
kana,け,en,gojuon,n/a,True,True,False,False,review_anchor_and_visual_brief
kana,け,fr,gojuon,n/a,True,True,False,False,review_anchor_and_visual_brief
kana,こ,en,gojuon,n/a,True,True,False,False,review_anchor_and_visual_brief
kana,こ,fr,gojuon,n/a,True,True,False,False,review_anchor_and_visual_brief
kana,さ,en,gojuon,n/a,True,True,False,False,review_anchor_and_visual_brief
kana,さ,fr,gojuon,n/a,True,True,False,False,review_anchor_and_visual_brief
kana,し,en,gojuon,n/a,True,True,False,False,review_anchor_and_visual_brief
kana,し,fr,gojuon,n/a,True,True,False,False,review_anchor_and_visual_brief
kana,す,en,gojuon,n/a,True,True,False,False,review_anchor_and_visual_brief
kana,す,fr,gojuon,n/a,True,True,False,False,review_anchor_and_visual_brief
kana,せ,en,gojuon,n/a,True,True,False,False,review_anchor_and_visual_brief
kana,せ,fr,gojuon,n/a,True,True,False,False,review_anchor_and_visual_brief
kana,そ,en,gojuon,n/a,True,True,False,False,review_anchor_and_visual_brief
kana,そ,fr,gojuon,n/a,True,True,False,False,review_anchor_and_visual_brief
kana,た,en,gojuon,n/a,True,True,False,False,review_anchor_and_visual_brief
kana,た,fr,gojuon,n/a,True,True,False,False,review_anchor_and_visual_brief
kana,ち,en,gojuon,n/a,True,True,False,False,review_anchor_and_visual_brief
kana,ち,fr,gojuon,n/a,True,True,False,False,review_anchor_and_visual_brief
kana,つ,en,gojuon,n/a,True,True,False,False,review_anchor_and_visual_brief
kana,つ,fr,gojuon,n/a,True,True,False,False,review_anchor_and_visual_brief
kana,て,en,gojuon,n/a,True,True,False,False,review_anchor_and_visual_brief
kana,て,fr,gojuon,n/a,True,True,False,False,review_anchor_and_visual_brief
kana,と,en,gojuon,n/a,True,True,False,False,review_anchor_and_visual_brief
kana,と,fr,gojuon,n/a,True,True,False,False,review_anchor_and_visual_brief
kana,な,en,gojuon,n/a,True,True,False,False,review_anchor_and_visual_brief
kana,な,fr,gojuon,n/a,True,True,False,False,review_anchor_and_visual_brief
kana,に,en,gojuon,n/a,True,True,False,False,review_anchor_and_visual_brief
kana,に,fr,gojuon,n/a,True,True,False,False,review_anchor_and_visual_brief
kana,ぬ,en,gojuon,n/a,True,True,False,False,review_anchor_and_visual_brief
kana,ぬ,fr,gojuon,n/a,True,True,False,False,review_anchor_and_visual_brief
kana,ね,en,gojuon,n/a,True,True,False,False,review_anchor_and_visual_brief
kana,ね,fr,gojuon,n/a,True,True,False,False,review_anchor_and_visual_brief
kana,の,en,gojuon,n/a,True,True,False,False,review_anchor_and_visual_brief
kana,の,fr,gojuon,n/a,True,True,False,False,review_anchor_and_visual_brief
kana,は,en,gojuon,n/a,True,True,False,False,review_anchor_and_visual_brief
kana,は,fr,gojuon,n/a,True,True,False,False,review_anchor_and_visual_brief
kana,ひ,en,gojuon,n/a,True,True,False,False,review_anchor_and_visual_brief
kana,ひ,fr,gojuon,n/a,True,True,False,False,review_anchor_and_visual_brief
kana,ふ,en,gojuon,n/a,True,True,False,False,review_anchor_and_visual_brief
kana,ふ,fr,gojuon,n/a,True,True,False,False,review_anchor_and_visual_brief
kana,へ,en,gojuon,n/a,True,True,False,False,review_anchor_and_visual_brief
kana,へ,fr,gojuon,n/a,True,True,False,False,review_anchor_and_visual_brief
kana,ほ,en,gojuon,n/a,True,True,False,False,review_anchor_and_visual_brief
kana,ほ,fr,gojuon,n/a,True,True,False,False,review_anchor_and_visual_brief
kana,ま,en,gojuon,n/a,True,True,False,False,review_anchor_and_visual_brief
kana,ま,fr,gojuon,n/a,True,True,False,False,review_anchor_and_visual_brief
kana,み,en,gojuon,n/a,True,True,False,False,review_anchor_and_visual_brief
kana,み,fr,gojuon,n/a,True,True,False,False,review_anchor_and_visual_brief
kana,む,en,gojuon,n/a,True,True,False,False,review_anchor_and_visual_brief
kana,む,fr,gojuon,n/a,True,True,False,False,review_anchor_and_visual_brief
kana,め,en,gojuon,n/a,True,True,False,False,review_anchor_and_visual_brief
kana,め,fr,gojuon,n/a,True,True,False,False,review_anchor_and_visual_brief
kana,も,en,gojuon,n/a,True,True,False,False,review_anchor_and_visual_brief
kana,も,fr,gojuon,n/a,True,True,False,False,review_anchor_and_visual_brief
kana,や,en,gojuon,n/a,True,True,False,False,review_anchor_and_visual_brief
kana,や,fr,gojuon,n/a,True,True,False,False,review_anchor_and_visual_brief
kana,ゆ,en,gojuon,n/a,True,True,False,False,review_anchor_and_visual_brief
kana,ゆ,fr,gojuon,n/a,True,True,False,False,review_anchor_and_visual_brief
kana,よ,en,gojuon,n/a,True,True,False,False,review_anchor_and_visual_brief
kana,よ,fr,gojuon,n/a,True,True,False,False,review_anchor_and_visual_brief
kana,ら,en,gojuon,n/a,True,True,False,False,review_anchor_and_visual_brief
kana,ら,fr,gojuon,n/a,True,True,False,False,review_anchor_and_visual_brief
kana,り,en,gojuon,n/a,True,True,False,False,review_anchor_and_visual_brief
kana,り,fr,gojuon,n/a,True,True,False,False,review_anchor_and_visual_brief
kana,る,en,gojuon,n/a,True,True,False,False,review_anchor_and_visual_brief
kana,る,fr,gojuon,n/a,True,True,False,False,review_anchor_and_visual_brief
kana,れ,en,gojuon,n/a,True,True,False,False,review_anchor_and_visual_brief
kana,れ,fr,gojuon,n/a,True,True,False,False,review_anchor_and_visual_brief
kana,ろ,en,gojuon,n/a,True,True,False,False,review_anchor_and_visual_brief
kana,ろ,fr,gojuon,n/a,True,True,False,False,review_anchor_and_visual_brief
kana,わ,en,gojuon,n/a,True,True,False,False,review_anchor_and_visual_brief
kana,わ,fr,gojuon,n/a,True,True,False,False,review_anchor_and_visual_brief
kana,を,en,gojuon,n/a,True,True,False,False,review_anchor_and_visual_brief
kana,を,fr,gojuon,n/a,True,True,False,False,review_anchor_and_visual_brief
kana,ん,en,gojuon,n/a,True,True,False,False,review_anchor_and_visual_brief
kana,ん,fr,gojuon,n/a,True,True,False,False,review_anchor_and_visual_brief
kana,が,en,dakuten,n/a,False,False,False,False,design_derivation_rule_and_visual_support
kana,が,fr,dakuten,n/a,False,False,False,False,design_derivation_rule_and_visual_support
kana,ぎ,en,dakuten,n/a,False,False,False,False,design_derivation_rule_and_visual_support
kana,ぎ,fr,dakuten,n/a,False,False,False,False,design_derivation_rule_and_visual_support
kana,ぐ,en,dakuten,n/a,False,False,False,False,design_derivation_rule_and_visual_support
kana,ぐ,fr,dakuten,n/a,False,False,False,False,design_derivation_rule_and_visual_support
kana,げ,en,dakuten,n/a,False,False,False,False,design_derivation_rule_and_visual_support
kana,げ,fr,dakuten,n/a,False,False,False,False,design_derivation_rule_and_visual_support
kana,ご,en,dakuten,n/a,False,False,False,False,design_derivation_rule_and_visual_support
kana,ご,fr,dakuten,n/a,False,False,False,False,design_derivation_rule_and_visual_support
kana,ざ,en,dakuten,n/a,False,False,False,False,design_derivation_rule_and_visual_support
kana,ざ,fr,dakuten,n/a,False,False,False,False,design_derivation_rule_and_visual_support
kana,じ,en,dakuten,n/a,False,False,False,False,design_derivation_rule_and_visual_support
kana,じ,fr,dakuten,n/a,False,False,False,False,design_derivation_rule_and_visual_support
kana,ず,en,dakuten,n/a,False,False,False,False,design_derivation_rule_and_visual_support
kana,ず,fr,dakuten,n/a,False,False,False,False,design_derivation_rule_and_visual_support
kana,ぜ,en,dakuten,n/a,False,False,False,False,design_derivation_rule_and_visual_support
kana,ぜ,fr,dakuten,n/a,False,False,False,False,design_derivation_rule_and_visual_support
kana,ぞ,en,dakuten,n/a,False,False,False,False,design_derivation_rule_and_visual_support
kana,ぞ,fr,dakuten,n/a,False,False,False,False,design_derivation_rule_and_visual_support
kana,だ,en,dakuten,n/a,False,False,False,False,design_derivation_rule_and_visual_support
kana,だ,fr,dakuten,n/a,False,False,False,False,design_derivation_rule_and_visual_support
kana,ぢ,en,dakuten,n/a,False,False,False,False,design_derivation_rule_and_visual_support
kana,ぢ,fr,dakuten,n/a,False,False,False,False,design_derivation_rule_and_visual_support
kana,づ,en,dakuten,n/a,False,False,False,False,design_derivation_rule_and_visual_support
kana,づ,fr,dakuten,n/a,False,False,False,False,design_derivation_rule_and_visual_support
kana,で,en,dakuten,n/a,False,False,False,False,design_derivation_rule_and_visual_support
kana,で,fr,dakuten,n/a,False,False,False,False,design_derivation_rule_and_visual_support
kana,ど,en,dakuten,n/a,False,False,False,False,design_derivation_rule_and_visual_support
kana,ど,fr,dakuten,n/a,False,False,False,False,design_derivation_rule_and_visual_support
kana,ば,en,dakuten,n/a,False,False,False,False,design_derivation_rule_and_visual_support
kana,ば,fr,dakuten,n/a,False,False,False,False,design_derivation_rule_and_visual_support
kana,び,en,dakuten,n/a,False,False,False,False,design_derivation_rule_and_visual_support
kana,び,fr,dakuten,n/a,False,False,False,False,design_derivation_rule_and_visual_support
kana,ぶ,en,dakuten,n/a,False,False,False,False,design_derivation_rule_and_visual_support
kana,ぶ,fr,dakuten,n/a,False,False,False,False,design_derivation_rule_and_visual_support
kana,べ,en,dakuten,n/a,False,False,False,False,design_derivation_rule_and_visual_support
kana,べ,fr,dakuten,n/a,False,False,False,False,design_derivation_rule_and_visual_support
kana,ぼ,en,dakuten,n/a,False,False,False,False,design_derivation_rule_and_visual_support
kana,ぼ,fr,dakuten,n/a,False,False,False,False,design_derivation_rule_and_visual_support
kana,ぱ,en,handakuten,n/a,False,False,False,False,design_derivation_rule_and_visual_support
kana,ぱ,fr,handakuten,n/a,False,False,False,False,design_derivation_rule_and_visual_support
kana,ぴ,en,handakuten,n/a,False,False,False,False,design_derivation_rule_and_visual_support
kana,ぴ,fr,handakuten,n/a,False,False,False,False,design_derivation_rule_and_visual_support
kana,ぷ,en,handakuten,n/a,False,False,False,False,design_derivation_rule_and_visual_support
kana,ぷ,fr,handakuten,n/a,False,False,False,False,design_derivation_rule_and_visual_support
kana,ぺ,en,handakuten,n/a,False,False,False,False,design_derivation_rule_and_visual_support
kana,ぺ,fr,handakuten,n/a,False,False,False,False,design_derivation_rule_and_visual_support
kana,ぽ,en,handakuten,n/a,False,False,False,False,design_derivation_rule_and_visual_support
kana,ぽ,fr,handakuten,n/a,False,False,False,False,design_derivation_rule_and_visual_support
kana,きゃ,en,yoon,n/a,False,False,False,False,design_derivation_rule_and_visual_support
kana,きゃ,fr,yoon,n/a,False,False,False,False,design_derivation_rule_and_visual_support
kana,きゅ,en,yoon,n/a,False,False,False,False,design_derivation_rule_and_visual_support
kana,きゅ,fr,yoon,n/a,False,False,False,False,design_derivation_rule_and_visual_support
kana,きょ,en,yoon,n/a,False,False,False,False,design_derivation_rule_and_visual_support
kana,きょ,fr,yoon,n/a,False,False,False,False,design_derivation_rule_and_visual_support
kana,しゃ,en,yoon,n/a,False,False,False,False,design_derivation_rule_and_visual_support
kana,しゃ,fr,yoon,n/a,False,False,False,False,design_derivation_rule_and_visual_support
kana,しゅ,en,yoon,n/a,False,False,False,False,design_derivation_rule_and_visual_support
kana,しゅ,fr,yoon,n/a,False,False,False,False,design_derivation_rule_and_visual_support
kana,しょ,en,yoon,n/a,False,False,False,False,design_derivation_rule_and_visual_support
kana,しょ,fr,yoon,n/a,False,False,False,False,design_derivation_rule_and_visual_support
kana,ちゃ,en,yoon,n/a,False,False,False,False,design_derivation_rule_and_visual_support
kana,ちゃ,fr,yoon,n/a,False,False,False,False,design_derivation_rule_and_visual_support
kana,ちゅ,en,yoon,n/a,False,False,False,False,design_derivation_rule_and_visual_support
kana,ちゅ,fr,yoon,n/a,False,False,False,False,design_derivation_rule_and_visual_support
kana,ちょ,en,yoon,n/a,False,False,False,False,design_derivation_rule_and_visual_support
kana,ちょ,fr,yoon,n/a,False,False,False,False,design_derivation_rule_and_visual_support
kana,にゃ,en,yoon,n/a,False,False,False,False,design_derivation_rule_and_visual_support
kana,にゃ,fr,yoon,n/a,False,False,False,False,design_derivation_rule_and_visual_support
kana,にゅ,en,yoon,n/a,False,False,False,False,design_derivation_rule_and_visual_support
kana,にゅ,fr,yoon,n/a,False,False,False,False,design_derivation_rule_and_visual_support
kana,にょ,en,yoon,n/a,False,False,False,False,design_derivation_rule_and_visual_support
kana,にょ,fr,yoon,n/a,False,False,False,False,design_derivation_rule_and_visual_support
kana,ひゃ,en,yoon,n/a,False,False,False,False,design_derivation_rule_and_visual_support
kana,ひゃ,fr,yoon,n/a,False,False,False,False,design_derivation_rule_and_visual_support
kana,ひゅ,en,yoon,n/a,False,False,False,False,design_derivation_rule_and_visual_support
kana,ひゅ,fr,yoon,n/a,False,False,False,False,design_derivation_rule_and_visual_support
kana,ひょ,en,yoon,n/a,False,False,False,False,design_derivation_rule_and_visual_support
kana,ひょ,fr,yoon,n/a,False,False,False,False,design_derivation_rule_and_visual_support
kana,みゃ,en,yoon,n/a,False,False,False,False,design_derivation_rule_and_visual_support
kana,みゃ,fr,yoon,n/a,False,False,False,False,design_derivation_rule_and_visual_support
kana,みゅ,en,yoon,n/a,False,False,False,False,design_derivation_rule_and_visual_support
kana,みゅ,fr,yoon,n/a,False,False,False,False,design_derivation_rule_and_visual_support
kana,みょ,en,yoon,n/a,False,False,False,False,design_derivation_rule_and_visual_support
kana,みょ,fr,yoon,n/a,False,False,False,False,design_derivation_rule_and_visual_support
kana,りゃ,en,yoon,n/a,False,False,False,False,design_derivation_rule_and_visual_support
kana,りゃ,fr,yoon,n/a,False,False,False,False,design_derivation_rule_and_visual_support
kana,りゅ,en,yoon,n/a,False,False,False,False,design_derivation_rule_and_visual_support
kana,りゅ,fr,yoon,n/a,False,False,False,False,design_derivation_rule_and_visual_support
kana,りょ,en,yoon,n/a,False,False,False,False,design_derivation_rule_and_visual_support
kana,りょ,fr,yoon,n/a,False,False,False,False,design_derivation_rule_and_visual_support
kana,ぎゃ,en,yoon,n/a,False,False,False,False,design_derivation_rule_and_visual_support
kana,ぎゃ,fr,yoon,n/a,False,False,False,False,design_derivation_rule_and_visual_support
kana,ぎゅ,en,yoon,n/a,False,False,False,False,design_derivation_rule_and_visual_support
kana,ぎゅ,fr,yoon,n/a,False,False,False,False,design_derivation_rule_and_visual_support
kana,ぎょ,en,yoon,n/a,False,False,False,False,design_derivation_rule_and_visual_support
kana,ぎょ,fr,yoon,n/a,False,False,False,False,design_derivation_rule_and_visual_support
kana,じゃ,en,yoon,n/a,False,False,False,False,design_derivation_rule_and_visual_support
kana,じゃ,fr,yoon,n/a,False,False,False,False,design_derivation_rule_and_visual_support
kana,じゅ,en,yoon,n/a,False,False,False,False,design_derivation_rule_and_visual_support
kana,じゅ,fr,yoon,n/a,False,False,False,False,design_derivation_rule_and_visual_support
kana,じょ,en,yoon,n/a,False,False,False,False,design_derivation_rule_and_visual_support
kana,じょ,fr,yoon,n/a,False,False,False,False,design_derivation_rule_and_visual_support
kana,びゃ,en,yoon,n/a,False,False,False,False,design_derivation_rule_and_visual_support
kana,びゃ,fr,yoon,n/a,False,False,False,False,design_derivation_rule_and_visual_support
kana,びゅ,en,yoon,n/a,False,False,False,False,design_derivation_rule_and_visual_support
kana,びゅ,fr,yoon,n/a,False,False,False,False,design_derivation_rule_and_visual_support
kana,びょ,en,yoon,n/a,False,False,False,False,design_derivation_rule_and_visual_support
kana,びょ,fr,yoon,n/a,False,False,False,False,design_derivation_rule_and_visual_support
kana,ぴゃ,en,yoon,n/a,False,False,False,False,design_derivation_rule_and_visual_support
kana,ぴゃ,fr,yoon,n/a,False,False,False,False,design_derivation_rule_and_visual_support
kana,ぴゅ,en,yoon,n/a,False,False,False,False,design_derivation_rule_and_visual_support
kana,ぴゅ,fr,yoon,n/a,False,False,False,False,design_derivation_rule_and_visual_support
kana,ぴょ,en,yoon,n/a,False,False,False,False,design_derivation_rule_and_visual_support
kana,ぴょ,fr,yoon,n/a,False,False,False,False,design_derivation_rule_and_visual_support
kana,ア,en,gojuon,n/a,True,True,False,False,review_anchor_and_visual_brief
kana,ア,fr,gojuon,n/a,True,True,False,False,review_anchor_and_visual_brief
kana,イ,en,gojuon,n/a,True,True,False,False,review_anchor_and_visual_brief
kana,イ,fr,gojuon,n/a,True,True,False,False,review_anchor_and_visual_brief
kana,ウ,en,gojuon,n/a,True,True,False,False,review_anchor_and_visual_brief
kana,ウ,fr,gojuon,n/a,True,True,False,False,review_anchor_and_visual_brief
kana,エ,en,gojuon,n/a,True,True,False,False,review_anchor_and_visual_brief
kana,エ,fr,gojuon,n/a,True,True,False,False,review_anchor_and_visual_brief
kana,オ,en,gojuon,n/a,True,True,False,False,review_anchor_and_visual_brief
kana,オ,fr,gojuon,n/a,True,True,False,False,review_anchor_and_visual_brief
kana,カ,en,gojuon,n/a,True,True,False,False,review_anchor_and_visual_brief
kana,カ,fr,gojuon,n/a,True,True,False,False,review_anchor_and_visual_brief
kana,キ,en,gojuon,n/a,True,True,False,False,review_anchor_and_visual_brief
kana,キ,fr,gojuon,n/a,True,True,False,False,review_anchor_and_visual_brief
kana,ク,en,gojuon,n/a,True,True,False,False,review_anchor_and_visual_brief
kana,ク,fr,gojuon,n/a,True,True,False,False,review_anchor_and_visual_brief
kana,ケ,en,gojuon,n/a,True,True,False,False,review_anchor_and_visual_brief
kana,ケ,fr,gojuon,n/a,True,True,False,False,review_anchor_and_visual_brief
kana,コ,en,gojuon,n/a,True,True,False,False,review_anchor_and_visual_brief
kana,コ,fr,gojuon,n/a,True,True,False,False,review_anchor_and_visual_brief
kana,サ,en,gojuon,n/a,True,True,False,False,review_anchor_and_visual_brief
kana,サ,fr,gojuon,n/a,True,True,False,False,review_anchor_and_visual_brief
kana,シ,en,gojuon,n/a,True,True,False,False,review_anchor_and_visual_brief
kana,シ,fr,gojuon,n/a,True,True,False,False,review_anchor_and_visual_brief
kana,ス,en,gojuon,n/a,True,True,False,False,review_anchor_and_visual_brief
kana,ス,fr,gojuon,n/a,True,True,False,False,review_anchor_and_visual_brief
kana,セ,en,gojuon,n/a,True,True,False,False,review_anchor_and_visual_brief
kana,セ,fr,gojuon,n/a,True,True,False,False,review_anchor_and_visual_brief
kana,ソ,en,gojuon,n/a,True,True,False,False,review_anchor_and_visual_brief
kana,ソ,fr,gojuon,n/a,True,True,False,False,review_anchor_and_visual_brief
kana,タ,en,gojuon,n/a,True,True,False,False,review_anchor_and_visual_brief
kana,タ,fr,gojuon,n/a,True,True,False,False,review_anchor_and_visual_brief
kana,チ,en,gojuon,n/a,True,True,False,False,review_anchor_and_visual_brief
kana,チ,fr,gojuon,n/a,True,True,False,False,review_anchor_and_visual_brief
kana,ツ,en,gojuon,n/a,True,True,False,False,review_anchor_and_visual_brief
kana,ツ,fr,gojuon,n/a,True,True,False,False,review_anchor_and_visual_brief
kana,テ,en,gojuon,n/a,True,True,False,False,review_anchor_and_visual_brief
kana,テ,fr,gojuon,n/a,True,True,False,False,review_anchor_and_visual_brief
kana,ト,en,gojuon,n/a,True,True,False,False,review_anchor_and_visual_brief
kana,ト,fr,gojuon,n/a,True,True,False,False,review_anchor_and_visual_brief
kana,ナ,en,gojuon,n/a,True,True,False,False,review_anchor_and_visual_brief
kana,ナ,fr,gojuon,n/a,True,True,False,False,review_anchor_and_visual_brief
kana,ニ,en,gojuon,n/a,True,True,False,False,review_anchor_and_visual_brief
kana,ニ,fr,gojuon,n/a,True,True,False,False,review_anchor_and_visual_brief
kana,ヌ,en,gojuon,n/a,True,True,False,False,review_anchor_and_visual_brief
kana,ヌ,fr,gojuon,n/a,True,True,False,False,review_anchor_and_visual_brief
kana,ネ,en,gojuon,n/a,True,True,False,False,review_anchor_and_visual_brief
kana,ネ,fr,gojuon,n/a,True,True,False,False,review_anchor_and_visual_brief
kana,ノ,en,gojuon,n/a,True,True,False,False,review_anchor_and_visual_brief
kana,ノ,fr,gojuon,n/a,True,True,False,False,review_anchor_and_visual_brief
kana,ハ,en,gojuon,n/a,True,True,False,False,review_anchor_and_visual_brief
kana,ハ,fr,gojuon,n/a,True,True,False,False,review_anchor_and_visual_brief
kana,ヒ,en,gojuon,n/a,True,True,False,False,review_anchor_and_visual_brief
kana,ヒ,fr,gojuon,n/a,True,True,False,False,review_anchor_and_visual_brief
kana,フ,en,gojuon,n/a,True,True,False,False,review_anchor_and_visual_brief
kana,フ,fr,gojuon,n/a,True,True,False,False,review_anchor_and_visual_brief
kana,ヘ,en,gojuon,n/a,True,True,False,False,review_anchor_and_visual_brief
kana,ヘ,fr,gojuon,n/a,True,True,False,False,review_anchor_and_visual_brief
kana,ホ,en,gojuon,n/a,True,True,False,False,review_anchor_and_visual_brief
kana,ホ,fr,gojuon,n/a,True,True,False,False,review_anchor_and_visual_brief
kana,マ,en,gojuon,n/a,True,True,False,False,review_anchor_and_visual_brief
kana,マ,fr,gojuon,n/a,True,True,False,False,review_anchor_and_visual_brief
kana,ミ,en,gojuon,n/a,True,True,False,False,review_anchor_and_visual_brief
kana,ミ,fr,gojuon,n/a,True,True,False,False,review_anchor_and_visual_brief
kana,ム,en,gojuon,n/a,True,True,False,False,review_anchor_and_visual_brief
kana,ム,fr,gojuon,n/a,True,True,False,False,review_anchor_and_visual_brief
kana,メ,en,gojuon,n/a,True,True,False,False,review_anchor_and_visual_brief
kana,メ,fr,gojuon,n/a,True,True,False,False,review_anchor_and_visual_brief
kana,モ,en,gojuon,n/a,True,True,False,False,review_anchor_and_visual_brief
kana,モ,fr,gojuon,n/a,True,True,False,False,review_anchor_and_visual_brief
kana,ヤ,en,gojuon,n/a,True,True,False,False,review_anchor_and_visual_brief
kana,ヤ,fr,gojuon,n/a,True,True,False,False,review_anchor_and_visual_brief
kana,ユ,en,gojuon,n/a,True,True,False,False,review_anchor_and_visual_brief
kana,ユ,fr,gojuon,n/a,True,True,False,False,review_anchor_and_visual_brief
kana,ヨ,en,gojuon,n/a,True,True,False,False,review_anchor_and_visual_brief
kana,ヨ,fr,gojuon,n/a,True,True,False,False,review_anchor_and_visual_brief
kana,ラ,en,gojuon,n/a,True,True,False,False,review_anchor_and_visual_brief
kana,ラ,fr,gojuon,n/a,True,True,False,False,review_anchor_and_visual_brief
kana,リ,en,gojuon,n/a,True,True,False,False,review_anchor_and_visual_brief
kana,リ,fr,gojuon,n/a,True,True,False,False,review_anchor_and_visual_brief
kana,ル,en,gojuon,n/a,True,True,False,False,review_anchor_and_visual_brief
kana,ル,fr,gojuon,n/a,True,True,False,False,review_anchor_and_visual_brief
kana,レ,en,gojuon,n/a,True,True,False,False,review_anchor_and_visual_brief
kana,レ,fr,gojuon,n/a,True,True,False,False,review_anchor_and_visual_brief
kana,ロ,en,gojuon,n/a,True,True,False,False,review_anchor_and_visual_brief
kana,ロ,fr,gojuon,n/a,True,True,False,False,review_anchor_and_visual_brief
kana,ワ,en,gojuon,n/a,True,True,False,False,review_anchor_and_visual_brief
kana,ワ,fr,gojuon,n/a,True,True,False,False,review_anchor_and_visual_brief
kana,ヲ,en,gojuon,n/a,True,True,False,False,review_anchor_and_visual_brief
kana,ヲ,fr,gojuon,n/a,True,True,False,False,review_anchor_and_visual_brief
kana,ン,en,gojuon,n/a,True,True,False,False,review_anchor_and_visual_brief
kana,ン,fr,gojuon,n/a,True,True,False,False,review_anchor_and_visual_brief
kana,ガ,en,dakuten,n/a,False,False,False,False,design_derivation_rule_and_visual_support
kana,ガ,fr,dakuten,n/a,False,False,False,False,design_derivation_rule_and_visual_support
kana,ギ,en,dakuten,n/a,False,False,False,False,design_derivation_rule_and_visual_support
kana,ギ,fr,dakuten,n/a,False,False,False,False,design_derivation_rule_and_visual_support
kana,グ,en,dakuten,n/a,False,False,False,False,design_derivation_rule_and_visual_support
kana,グ,fr,dakuten,n/a,False,False,False,False,design_derivation_rule_and_visual_support
kana,ゲ,en,dakuten,n/a,False,False,False,False,design_derivation_rule_and_visual_support
kana,ゲ,fr,dakuten,n/a,False,False,False,False,design_derivation_rule_and_visual_support
kana,ゴ,en,dakuten,n/a,False,False,False,False,design_derivation_rule_and_visual_support
kana,ゴ,fr,dakuten,n/a,False,False,False,False,design_derivation_rule_and_visual_support
kana,ザ,en,dakuten,n/a,False,False,False,False,design_derivation_rule_and_visual_support
kana,ザ,fr,dakuten,n/a,False,False,False,False,design_derivation_rule_and_visual_support
kana,ジ,en,dakuten,n/a,False,False,False,False,design_derivation_rule_and_visual_support
kana,ジ,fr,dakuten,n/a,False,False,False,False,design_derivation_rule_and_visual_support
kana,ズ,en,dakuten,n/a,False,False,False,False,design_derivation_rule_and_visual_support
kana,ズ,fr,dakuten,n/a,False,False,False,False,design_derivation_rule_and_visual_support
kana,ゼ,en,dakuten,n/a,False,False,False,False,design_derivation_rule_and_visual_support
kana,ゼ,fr,dakuten,n/a,False,False,False,False,design_derivation_rule_and_visual_support
kana,ゾ,en,dakuten,n/a,False,False,False,False,design_derivation_rule_and_visual_support
kana,ゾ,fr,dakuten,n/a,False,False,False,False,design_derivation_rule_and_visual_support
kana,ダ,en,dakuten,n/a,False,False,False,False,design_derivation_rule_and_visual_support
kana,ダ,fr,dakuten,n/a,False,False,False,False,design_derivation_rule_and_visual_support
kana,ヂ,en,dakuten,n/a,False,False,False,False,design_derivation_rule_and_visual_support
kana,ヂ,fr,dakuten,n/a,False,False,False,False,design_derivation_rule_and_visual_support
kana,ヅ,en,dakuten,n/a,False,False,False,False,design_derivation_rule_and_visual_support
kana,ヅ,fr,dakuten,n/a,False,False,False,False,design_derivation_rule_and_visual_support
kana,デ,en,dakuten,n/a,False,False,False,False,design_derivation_rule_and_visual_support
kana,デ,fr,dakuten,n/a,False,False,False,False,design_derivation_rule_and_visual_support
kana,ド,en,dakuten,n/a,False,False,False,False,design_derivation_rule_and_visual_support
kana,ド,fr,dakuten,n/a,False,False,False,False,design_derivation_rule_and_visual_support
kana,バ,en,dakuten,n/a,False,False,False,False,design_derivation_rule_and_visual_support
kana,バ,fr,dakuten,n/a,False,False,False,False,design_derivation_rule_and_visual_support
kana,ビ,en,dakuten,n/a,False,False,False,False,design_derivation_rule_and_visual_support
kana,ビ,fr,dakuten,n/a,False,False,False,False,design_derivation_rule_and_visual_support
kana,ブ,en,dakuten,n/a,False,False,False,False,design_derivation_rule_and_visual_support
kana,ブ,fr,dakuten,n/a,False,False,False,False,design_derivation_rule_and_visual_support
kana,ベ,en,dakuten,n/a,False,False,False,False,design_derivation_rule_and_visual_support
kana,ベ,fr,dakuten,n/a,False,False,False,False,design_derivation_rule_and_visual_support
kana,ボ,en,dakuten,n/a,False,False,False,False,design_derivation_rule_and_visual_support
kana,ボ,fr,dakuten,n/a,False,False,False,False,design_derivation_rule_and_visual_support
kana,パ,en,handakuten,n/a,False,False,False,False,design_derivation_rule_and_visual_support
kana,パ,fr,handakuten,n/a,False,False,False,False,design_derivation_rule_and_visual_support
kana,ピ,en,handakuten,n/a,False,False,False,False,design_derivation_rule_and_visual_support
kana,ピ,fr,handakuten,n/a,False,False,False,False,design_derivation_rule_and_visual_support
kana,プ,en,handakuten,n/a,False,False,False,False,design_derivation_rule_and_visual_support
kana,プ,fr,handakuten,n/a,False,False,False,False,design_derivation_rule_and_visual_support
kana,ペ,en,handakuten,n/a,False,False,False,False,design_derivation_rule_and_visual_support
kana,ペ,fr,handakuten,n/a,False,False,False,False,design_derivation_rule_and_visual_support
kana,ポ,en,handakuten,n/a,False,False,False,False,design_derivation_rule_and_visual_support
kana,ポ,fr,handakuten,n/a,False,False,False,False,design_derivation_rule_and_visual_support
kana,キャ,en,yoon,n/a,False,False,False,False,design_derivation_rule_and_visual_support
kana,キャ,fr,yoon,n/a,False,False,False,False,design_derivation_rule_and_visual_support
kana,キュ,en,yoon,n/a,False,False,False,False,design_derivation_rule_and_visual_support
kana,キュ,fr,yoon,n/a,False,False,False,False,design_derivation_rule_and_visual_support
kana,キョ,en,yoon,n/a,False,False,False,False,design_derivation_rule_and_visual_support
kana,キョ,fr,yoon,n/a,False,False,False,False,design_derivation_rule_and_visual_support
kana,シャ,en,yoon,n/a,False,False,False,False,design_derivation_rule_and_visual_support
kana,シャ,fr,yoon,n/a,False,False,False,False,design_derivation_rule_and_visual_support
kana,シュ,en,yoon,n/a,False,False,False,False,design_derivation_rule_and_visual_support
kana,シュ,fr,yoon,n/a,False,False,False,False,design_derivation_rule_and_visual_support
kana,ショ,en,yoon,n/a,False,False,False,False,design_derivation_rule_and_visual_support
kana,ショ,fr,yoon,n/a,False,False,False,False,design_derivation_rule_and_visual_support
kana,チャ,en,yoon,n/a,False,False,False,False,design_derivation_rule_and_visual_support
kana,チャ,fr,yoon,n/a,False,False,False,False,design_derivation_rule_and_visual_support
kana,チュ,en,yoon,n/a,False,False,False,False,design_derivation_rule_and_visual_support
kana,チュ,fr,yoon,n/a,False,False,False,False,design_derivation_rule_and_visual_support
kana,チョ,en,yoon,n/a,False,False,False,False,design_derivation_rule_and_visual_support
kana,チョ,fr,yoon,n/a,False,False,False,False,design_derivation_rule_and_visual_support
kana,ニャ,en,yoon,n/a,False,False,False,False,design_derivation_rule_and_visual_support
kana,ニャ,fr,yoon,n/a,False,False,False,False,design_derivation_rule_and_visual_support
kana,ニュ,en,yoon,n/a,False,False,False,False,design_derivation_rule_and_visual_support
kana,ニュ,fr,yoon,n/a,False,False,False,False,design_derivation_rule_and_visual_support
kana,ニョ,en,yoon,n/a,False,False,False,False,design_derivation_rule_and_visual_support
kana,ニョ,fr,yoon,n/a,False,False,False,False,design_derivation_rule_and_visual_support
kana,ヒャ,en,yoon,n/a,False,False,False,False,design_derivation_rule_and_visual_support
kana,ヒャ,fr,yoon,n/a,False,False,False,False,design_derivation_rule_and_visual_support
kana,ヒュ,en,yoon,n/a,False,False,False,False,design_derivation_rule_and_visual_support
kana,ヒュ,fr,yoon,n/a,False,False,False,False,design_derivation_rule_and_visual_support
kana,ヒョ,en,yoon,n/a,False,False,False,False,design_derivation_rule_and_visual_support
kana,ヒョ,fr,yoon,n/a,False,False,False,False,design_derivation_rule_and_visual_support
kana,ミャ,en,yoon,n/a,False,False,False,False,design_derivation_rule_and_visual_support
kana,ミャ,fr,yoon,n/a,False,False,False,False,design_derivation_rule_and_visual_support
kana,ミュ,en,yoon,n/a,False,False,False,False,design_derivation_rule_and_visual_support
kana,ミュ,fr,yoon,n/a,False,False,False,False,design_derivation_rule_and_visual_support
kana,ミョ,en,yoon,n/a,False,False,False,False,design_derivation_rule_and_visual_support
kana,ミョ,fr,yoon,n/a,False,False,False,False,design_derivation_rule_and_visual_support
kana,リャ,en,yoon,n/a,False,False,False,False,design_derivation_rule_and_visual_support
kana,リャ,fr,yoon,n/a,False,False,False,False,design_derivation_rule_and_visual_support
kana,リュ,en,yoon,n/a,False,False,False,False,design_derivation_rule_and_visual_support
kana,リュ,fr,yoon,n/a,False,False,False,False,design_derivation_rule_and_visual_support
kana,リョ,en,yoon,n/a,False,False,False,False,design_derivation_rule_and_visual_support
kana,リョ,fr,yoon,n/a,False,False,False,False,design_derivation_rule_and_visual_support
kana,ギャ,en,yoon,n/a,False,False,False,False,design_derivation_rule_and_visual_support
kana,ギャ,fr,yoon,n/a,False,False,False,False,design_derivation_rule_and_visual_support
kana,ギュ,en,yoon,n/a,False,False,False,False,design_derivation_rule_and_visual_support
kana,ギュ,fr,yoon,n/a,False,False,False,False,design_derivation_rule_and_visual_support
kana,ギョ,en,yoon,n/a,False,False,False,False,design_derivation_rule_and_visual_support
kana,ギョ,fr,yoon,n/a,False,False,False,False,design_derivation_rule_and_visual_support
kana,ジャ,en,yoon,n/a,False,False,False,False,design_derivation_rule_and_visual_support
kana,ジャ,fr,yoon,n/a,False,False,False,False,design_derivation_rule_and_visual_support
kana,ジュ,en,yoon,n/a,False,False,False,False,design_derivation_rule_and_visual_support
kana,ジュ,fr,yoon,n/a,False,False,False,False,design_derivation_rule_and_visual_support
kana,ジョ,en,yoon,n/a,False,False,False,False,design_derivation_rule_and_visual_support
kana,ジョ,fr,yoon,n/a,False,False,False,False,design_derivation_rule_and_visual_support
kana,ビャ,en,yoon,n/a,False,False,False,False,design_derivation_rule_and_visual_support
kana,ビャ,fr,yoon,n/a,False,False,False,False,design_derivation_rule_and_visual_support
kana,ビュ,en,yoon,n/a,False,False,False,False,design_derivation_rule_and_visual_support
kana,ビュ,fr,yoon,n/a,False,False,False,False,design_derivation_rule_and_visual_support
kana,ビョ,en,yoon,n/a,False,False,False,False,design_derivation_rule_and_visual_support
kana,ビョ,fr,yoon,n/a,False,False,False,False,design_derivation_rule_and_visual_support
kana,ピャ,en,yoon,n/a,False,False,False,False,design_derivation_rule_and_visual_support
kana,ピャ,fr,yoon,n/a,False,False,False,False,design_derivation_rule_and_visual_support
kana,ピュ,en,yoon,n/a,False,False,False,False,design_derivation_rule_and_visual_support
kana,ピュ,fr,yoon,n/a,False,False,False,False,design_derivation_rule_and_visual_support
kana,ピョ,en,yoon,n/a,False,False,False,False,design_derivation_rule_and_visual_support
kana,ピョ,fr,yoon,n/a,False,False,False,False,design_derivation_rule_and_visual_support
kanji,日,en,meaning,True,True,False,False,False,review_components_meaning_and_visual_brief
kanji,日,fr,meaning,True,True,False,False,False,review_components_meaning_and_visual_brief
kanji,一,en,meaning,True,True,False,False,False,review_components_meaning_and_visual_brief
kanji,一,fr,meaning,True,True,False,False,False,review_components_meaning_and_visual_brief
kanji,国,en,meaning,True,True,False,False,False,review_components_meaning_and_visual_brief
kanji,国,fr,meaning,True,True,False,False,False,review_components_meaning_and_visual_brief
kanji,人,en,meaning,True,True,False,False,False,review_components_meaning_and_visual_brief
kanji,人,fr,meaning,True,True,False,False,False,review_components_meaning_and_visual_brief
kanji,年,en,meaning,True,True,False,False,False,review_components_meaning_and_visual_brief
kanji,年,fr,meaning,True,True,False,False,False,review_components_meaning_and_visual_brief
kanji,大,en,meaning,True,True,False,False,False,review_components_meaning_and_visual_brief
kanji,大,fr,meaning,True,True,False,False,False,review_components_meaning_and_visual_brief
kanji,十,en,meaning,True,True,False,False,False,review_components_meaning_and_visual_brief
kanji,十,fr,meaning,True,True,False,False,False,review_components_meaning_and_visual_brief
kanji,二,en,meaning,True,True,False,False,False,review_components_meaning_and_visual_brief
kanji,二,fr,meaning,True,True,False,False,False,review_components_meaning_and_visual_brief
kanji,本,en,meaning,True,True,False,False,False,review_components_meaning_and_visual_brief
kanji,本,fr,meaning,True,True,False,False,False,review_components_meaning_and_visual_brief
kanji,中,en,meaning,True,True,False,False,False,review_components_meaning_and_visual_brief
kanji,中,fr,meaning,True,True,False,False,False,review_components_meaning_and_visual_brief
kanji,長,en,meaning,True,True,False,False,False,review_components_meaning_and_visual_brief
kanji,長,fr,meaning,True,True,False,False,False,review_components_meaning_and_visual_brief
kanji,出,en,meaning,True,True,False,False,False,review_components_meaning_and_visual_brief
kanji,出,fr,meaning,True,True,False,False,False,review_components_meaning_and_visual_brief
kanji,三,en,meaning,True,True,False,False,False,review_components_meaning_and_visual_brief
kanji,三,fr,meaning,True,True,False,False,False,review_components_meaning_and_visual_brief
kanji,時,en,meaning,True,True,False,False,False,review_components_meaning_and_visual_brief
kanji,時,fr,meaning,True,True,False,False,False,review_components_meaning_and_visual_brief
kanji,行,en,meaning,True,True,False,False,False,review_components_meaning_and_visual_brief
kanji,行,fr,meaning,True,True,False,False,False,review_components_meaning_and_visual_brief
kanji,見,en,meaning,True,True,False,False,False,review_components_meaning_and_visual_brief
kanji,見,fr,meaning,True,True,False,False,False,review_components_meaning_and_visual_brief
kanji,月,en,meaning,True,True,False,False,False,review_components_meaning_and_visual_brief
kanji,月,fr,meaning,True,True,False,False,False,review_components_meaning_and_visual_brief
kanji,後,en,meaning,True,True,False,False,False,review_components_meaning_and_visual_brief
kanji,後,fr,meaning,True,True,False,False,False,review_components_meaning_and_visual_brief
kanji,前,en,meaning,True,True,False,False,False,review_components_meaning_and_visual_brief
kanji,前,fr,meaning,True,True,False,False,False,review_components_meaning_and_visual_brief
kanji,生,en,meaning,True,True,False,False,False,review_components_meaning_and_visual_brief
kanji,生,fr,meaning,True,True,False,False,False,review_components_meaning_and_visual_brief
kanji,五,en,meaning,True,True,False,False,False,review_components_meaning_and_visual_brief
kanji,五,fr,meaning,True,True,False,False,False,review_components_meaning_and_visual_brief
kanji,間,en,meaning,True,True,False,False,False,review_components_meaning_and_visual_brief
kanji,間,fr,meaning,True,True,False,False,False,review_components_meaning_and_visual_brief
kanji,上,en,meaning,True,True,False,False,False,review_components_meaning_and_visual_brief
kanji,上,fr,meaning,True,True,False,False,False,review_components_meaning_and_visual_brief
kanji,東,en,meaning,True,True,False,False,False,review_components_meaning_and_visual_brief
kanji,東,fr,meaning,True,True,False,False,False,review_components_meaning_and_visual_brief
kanji,四,en,meaning,True,True,False,False,False,review_components_meaning_and_visual_brief
kanji,四,fr,meaning,True,True,False,False,False,review_components_meaning_and_visual_brief
kanji,今,en,meaning,True,True,False,False,False,review_components_meaning_and_visual_brief
kanji,今,fr,meaning,True,True,False,False,False,review_components_meaning_and_visual_brief
kanji,金,en,meaning,True,True,False,False,False,review_components_meaning_and_visual_brief
kanji,金,fr,meaning,True,True,False,False,False,review_components_meaning_and_visual_brief
kanji,九,en,meaning,True,True,False,False,False,review_components_meaning_and_visual_brief
kanji,九,fr,meaning,True,True,False,False,False,review_components_meaning_and_visual_brief
kanji,入,en,meaning,True,True,False,False,False,review_components_meaning_and_visual_brief
kanji,入,fr,meaning,True,True,False,False,False,review_components_meaning_and_visual_brief
kanji,力,en,meaning,True,True,False,False,False,review_components_meaning_and_visual_brief
kanji,力,fr,meaning,True,True,False,False,False,review_components_meaning_and_visual_brief
kanji,学,en,meaning,True,True,False,False,False,review_components_meaning_and_visual_brief
kanji,学,fr,meaning,True,True,False,False,False,review_components_meaning_and_visual_brief
kanji,高,en,meaning,True,True,False,False,False,review_components_meaning_and_visual_brief
kanji,高,fr,meaning,True,True,False,False,False,review_components_meaning_and_visual_brief
kanji,円,en,meaning,True,True,False,False,False,review_components_meaning_and_visual_brief
kanji,円,fr,meaning,True,True,False,False,False,review_components_meaning_and_visual_brief
kanji,子,en,meaning,True,True,False,False,False,review_components_meaning_and_visual_brief
kanji,子,fr,meaning,True,True,False,False,False,review_components_meaning_and_visual_brief
kanji,目,en,meaning,True,True,False,False,False,review_components_meaning_and_visual_brief
kanji,目,fr,meaning,True,True,False,False,False,review_components_meaning_and_visual_brief
kanji,外,en,meaning,True,True,False,False,False,review_components_meaning_and_visual_brief
kanji,外,fr,meaning,True,True,False,False,False,review_components_meaning_and_visual_brief
kanji,田,en,meaning,True,True,False,False,False,review_components_meaning_and_visual_brief
kanji,田,fr,meaning,True,True,False,False,False,review_components_meaning_and_visual_brief
kanji,八,en,meaning,True,True,False,False,False,review_components_meaning_and_visual_brief
kanji,八,fr,meaning,True,True,False,False,False,review_components_meaning_and_visual_brief
kanji,六,en,meaning,True,True,False,False,False,review_components_meaning_and_visual_brief
kanji,六,fr,meaning,True,True,False,False,False,review_components_meaning_and_visual_brief
kanji,下,en,meaning,True,True,False,False,False,review_components_meaning_and_visual_brief
kanji,下,fr,meaning,True,True,False,False,False,review_components_meaning_and_visual_brief
kanji,来,en,meaning,True,True,False,False,False,review_components_meaning_and_visual_brief
kanji,来,fr,meaning,True,True,False,False,False,review_components_meaning_and_visual_brief
kanji,気,en,meaning,True,True,False,False,False,review_components_meaning_and_visual_brief
kanji,気,fr,meaning,True,True,False,False,False,review_components_meaning_and_visual_brief
kanji,小,en,meaning,True,True,False,False,False,review_components_meaning_and_visual_brief
kanji,小,fr,meaning,True,True,False,False,False,review_components_meaning_and_visual_brief
kanji,七,en,meaning,True,True,False,False,False,review_components_meaning_and_visual_brief
kanji,七,fr,meaning,True,True,False,False,False,review_components_meaning_and_visual_brief
kanji,山,en,meaning,True,True,False,False,False,review_components_meaning_and_visual_brief
kanji,山,fr,meaning,True,True,False,False,False,review_components_meaning_and_visual_brief
kanji,話,en,meaning,True,True,False,False,False,review_components_meaning_and_visual_brief
kanji,話,fr,meaning,True,True,False,False,False,review_components_meaning_and_visual_brief
kanji,女,en,meaning,True,True,False,False,False,review_components_meaning_and_visual_brief
kanji,女,fr,meaning,True,True,False,False,False,review_components_meaning_and_visual_brief
kanji,北,en,meaning,True,True,False,False,False,review_components_meaning_and_visual_brief
kanji,北,fr,meaning,True,True,False,False,False,review_components_meaning_and_visual_brief
kanji,午,en,meaning,True,True,False,False,False,review_components_meaning_and_visual_brief
kanji,午,fr,meaning,True,True,False,False,False,review_components_meaning_and_visual_brief
kanji,百,en,meaning,True,True,False,False,False,review_components_meaning_and_visual_brief
kanji,百,fr,meaning,True,True,False,False,False,review_components_meaning_and_visual_brief
kanji,書,en,meaning,True,True,False,False,False,review_components_meaning_and_visual_brief
kanji,書,fr,meaning,True,True,False,False,False,review_components_meaning_and_visual_brief
kanji,先,en,meaning,True,True,False,False,False,review_components_meaning_and_visual_brief
kanji,先,fr,meaning,True,True,False,False,False,review_components_meaning_and_visual_brief
kanji,名,en,meaning,True,True,False,False,False,review_components_meaning_and_visual_brief
kanji,名,fr,meaning,True,True,False,False,False,review_components_meaning_and_visual_brief
kanji,川,en,meaning,True,True,False,False,False,review_components_meaning_and_visual_brief
kanji,川,fr,meaning,True,True,False,False,False,review_components_meaning_and_visual_brief
kanji,千,en,meaning,True,True,False,False,False,review_components_meaning_and_visual_brief
kanji,千,fr,meaning,True,True,False,False,False,review_components_meaning_and_visual_brief
kanji,水,en,meaning,True,True,False,False,False,review_components_meaning_and_visual_brief
kanji,水,fr,meaning,True,True,False,False,False,review_components_meaning_and_visual_brief
kanji,半,en,meaning,True,True,False,False,False,review_components_meaning_and_visual_brief
kanji,半,fr,meaning,True,True,False,False,False,review_components_meaning_and_visual_brief
kanji,男,en,meaning,True,True,False,False,False,review_components_meaning_and_visual_brief
kanji,男,fr,meaning,True,True,False,False,False,review_components_meaning_and_visual_brief
kanji,西,en,meaning,True,True,False,False,False,review_components_meaning_and_visual_brief
kanji,西,fr,meaning,True,True,False,False,False,review_components_meaning_and_visual_brief
kanji,電,en,meaning,True,True,False,False,False,review_components_meaning_and_visual_brief
kanji,電,fr,meaning,True,True,False,False,False,review_components_meaning_and_visual_brief
kanji,口,en,meaning,True,True,False,False,False,review_components_meaning_and_visual_brief
kanji,口,fr,meaning,True,True,False,False,False,review_components_meaning_and_visual_brief
kanji,校,en,meaning,True,True,False,False,False,review_components_meaning_and_visual_brief
kanji,校,fr,meaning,True,True,False,False,False,review_components_meaning_and_visual_brief
kanji,語,en,meaning,True,True,False,False,False,review_components_meaning_and_visual_brief
kanji,語,fr,meaning,True,True,False,False,False,review_components_meaning_and_visual_brief
kanji,土,en,meaning,True,True,False,False,False,review_components_meaning_and_visual_brief
kanji,土,fr,meaning,True,True,False,False,False,review_components_meaning_and_visual_brief
kanji,木,en,meaning,True,True,False,False,False,review_components_meaning_and_visual_brief
kanji,木,fr,meaning,True,True,False,False,False,review_components_meaning_and_visual_brief
kanji,聞,en,meaning,True,True,False,False,False,review_components_meaning_and_visual_brief
kanji,聞,fr,meaning,True,True,False,False,False,review_components_meaning_and_visual_brief
kanji,食,en,meaning,True,True,False,False,False,review_components_meaning_and_visual_brief
kanji,食,fr,meaning,True,True,False,False,False,review_components_meaning_and_visual_brief
kanji,車,en,meaning,True,True,False,False,False,review_components_meaning_and_visual_brief
kanji,車,fr,meaning,True,True,False,False,False,review_components_meaning_and_visual_brief
kanji,何,en,meaning,True,True,False,False,False,review_components_meaning_and_visual_brief
kanji,何,fr,meaning,True,True,False,False,False,review_components_meaning_and_visual_brief
kanji,南,en,meaning,True,True,False,False,False,review_components_meaning_and_visual_brief
kanji,南,fr,meaning,True,True,False,False,False,review_components_meaning_and_visual_brief
kanji,万,en,meaning,True,True,False,False,False,review_components_meaning_and_visual_brief
kanji,万,fr,meaning,True,True,False,False,False,review_components_meaning_and_visual_brief
kanji,毎,en,meaning,True,True,False,False,False,review_components_meaning_and_visual_brief
kanji,毎,fr,meaning,True,True,False,False,False,review_components_meaning_and_visual_brief
kanji,白,en,meaning,True,True,False,False,False,review_components_meaning_and_visual_brief
kanji,白,fr,meaning,True,True,False,False,False,review_components_meaning_and_visual_brief
kanji,天,en,meaning,True,True,False,False,False,review_components_meaning_and_visual_brief
kanji,天,fr,meaning,True,True,False,False,False,review_components_meaning_and_visual_brief
kanji,母,en,meaning,True,True,False,False,False,review_components_meaning_and_visual_brief
kanji,母,fr,meaning,True,True,False,False,False,review_components_meaning_and_visual_brief
kanji,火,en,meaning,True,True,False,False,False,review_components_meaning_and_visual_brief
kanji,火,fr,meaning,True,True,False,False,False,review_components_meaning_and_visual_brief
kanji,右,en,meaning,True,True,False,False,False,review_components_meaning_and_visual_brief
kanji,右,fr,meaning,True,True,False,False,False,review_components_meaning_and_visual_brief
kanji,読,en,meaning,True,True,False,False,False,review_components_meaning_and_visual_brief
kanji,読,fr,meaning,True,True,False,False,False,review_components_meaning_and_visual_brief
kanji,友,en,meaning,True,True,False,False,False,review_components_meaning_and_visual_brief
kanji,友,fr,meaning,True,True,False,False,False,review_components_meaning_and_visual_brief
kanji,左,en,meaning,True,True,False,False,False,review_components_meaning_and_visual_brief
kanji,左,fr,meaning,True,True,False,False,False,review_components_meaning_and_visual_brief
kanji,休,en,meaning,True,True,False,False,False,review_components_meaning_and_visual_brief
kanji,休,fr,meaning,True,True,False,False,False,review_components_meaning_and_visual_brief
kanji,父,en,meaning,True,True,False,False,False,review_components_meaning_and_visual_brief
kanji,父,fr,meaning,True,True,False,False,False,review_components_meaning_and_visual_brief
kanji,雨,en,meaning,True,True,False,False,False,review_components_meaning_and_visual_brief
kanji,雨,fr,meaning,True,True,False,False,False,review_components_meaning_and_visual_brief
kanji,飲,en,meaning,True,True,False,False,False,review_components_meaning_and_visual_brief
kanji,飲,fr,meaning,True,True,False,False,False,review_components_meaning_and_visual_brief
kanji,会,en,meaning,True,True,False,False,False,review_components_meaning_and_visual_brief
kanji,会,fr,meaning,True,True,False,False,False,review_components_meaning_and_visual_brief
kanji,同,en,meaning,True,True,False,False,False,review_components_meaning_and_visual_brief
kanji,同,fr,meaning,True,True,False,False,False,review_components_meaning_and_visual_brief
kanji,事,en,meaning,True,True,False,False,False,review_components_meaning_and_visual_brief
kanji,事,fr,meaning,True,True,False,False,False,review_components_meaning_and_visual_brief
kanji,自,en,meaning,True,True,False,False,False,review_components_meaning_and_visual_brief
kanji,自,fr,meaning,True,True,False,False,False,review_components_meaning_and_visual_brief
kanji,社,en,meaning,True,True,False,False,False,review_components_meaning_and_visual_brief
kanji,社,fr,meaning,True,True,False,False,False,review_components_meaning_and_visual_brief
kanji,発,en,meaning,True,True,False,False,False,review_components_meaning_and_visual_brief
kanji,発,fr,meaning,True,True,False,False,False,review_components_meaning_and_visual_brief
kanji,者,en,meaning,True,True,False,False,False,review_components_meaning_and_visual_brief
kanji,者,fr,meaning,True,True,False,False,False,review_components_meaning_and_visual_brief
kanji,地,en,meaning,True,True,False,False,False,review_components_meaning_and_visual_brief
kanji,地,fr,meaning,True,True,False,False,False,review_components_meaning_and_visual_brief
kanji,業,en,meaning,True,True,False,False,False,review_components_meaning_and_visual_brief
kanji,業,fr,meaning,True,True,False,False,False,review_components_meaning_and_visual_brief
kanji,方,en,meaning,True,True,False,False,False,review_components_meaning_and_visual_brief
kanji,方,fr,meaning,True,True,False,False,False,review_components_meaning_and_visual_brief
kanji,新,en,meaning,True,True,False,False,False,review_components_meaning_and_visual_brief
kanji,新,fr,meaning,True,True,False,False,False,review_components_meaning_and_visual_brief
kanji,場,en,meaning,True,True,False,False,False,review_components_meaning_and_visual_brief
kanji,場,fr,meaning,True,True,False,False,False,review_components_meaning_and_visual_brief
kanji,員,en,meaning,True,True,False,False,False,review_components_meaning_and_visual_brief
kanji,員,fr,meaning,True,True,False,False,False,review_components_meaning_and_visual_brief
kanji,立,en,meaning,True,True,False,False,False,review_components_meaning_and_visual_brief
kanji,立,fr,meaning,True,True,False,False,False,review_components_meaning_and_visual_brief
kanji,開,en,meaning,True,True,False,False,False,review_components_meaning_and_visual_brief
kanji,開,fr,meaning,True,True,False,False,False,review_components_meaning_and_visual_brief
kanji,手,en,meaning,True,True,False,False,False,review_components_meaning_and_visual_brief
kanji,手,fr,meaning,True,True,False,False,False,review_components_meaning_and_visual_brief
kanji,問,en,meaning,True,True,False,False,False,review_components_meaning_and_visual_brief
kanji,問,fr,meaning,True,True,False,False,False,review_components_meaning_and_visual_brief
kanji,代,en,meaning,True,True,False,False,False,review_components_meaning_and_visual_brief
kanji,代,fr,meaning,True,True,False,False,False,review_components_meaning_and_visual_brief
kanji,明,en,meaning,True,True,False,False,False,review_components_meaning_and_visual_brief
kanji,明,fr,meaning,True,True,False,False,False,review_components_meaning_and_visual_brief
kanji,動,en,meaning,True,True,False,False,False,review_components_meaning_and_visual_brief
kanji,動,fr,meaning,True,True,False,False,False,review_components_meaning_and_visual_brief
kanji,京,en,meaning,True,True,False,False,False,review_components_meaning_and_visual_brief
kanji,京,fr,meaning,True,True,False,False,False,review_components_meaning_and_visual_brief
kanji,通,en,meaning,True,True,False,False,False,review_components_meaning_and_visual_brief
kanji,通,fr,meaning,True,True,False,False,False,review_components_meaning_and_visual_brief
kanji,言,en,meaning,True,True,False,False,False,review_components_meaning_and_visual_brief
kanji,言,fr,meaning,True,True,False,False,False,review_components_meaning_and_visual_brief
kanji,理,en,meaning,True,True,False,False,False,review_components_meaning_and_visual_brief
kanji,理,fr,meaning,True,True,False,False,False,review_components_meaning_and_visual_brief
kanji,体,en,meaning,True,True,False,False,False,review_components_meaning_and_visual_brief
kanji,体,fr,meaning,True,True,False,False,False,review_components_meaning_and_visual_brief
kanji,主,en,meaning,True,True,False,False,False,review_components_meaning_and_visual_brief
kanji,主,fr,meaning,True,True,False,False,False,review_components_meaning_and_visual_brief
kanji,題,en,meaning,True,True,False,False,False,review_components_meaning_and_visual_brief
kanji,題,fr,meaning,True,True,False,False,False,review_components_meaning_and_visual_brief
kanji,意,en,meaning,True,True,False,False,False,review_components_meaning_and_visual_brief
kanji,意,fr,meaning,True,True,False,False,False,review_components_meaning_and_visual_brief
kanji,不,en,meaning,True,True,False,False,False,review_components_meaning_and_visual_brief
kanji,不,fr,meaning,True,True,False,False,False,review_components_meaning_and_visual_brief
kanji,作,en,meaning,True,True,False,False,False,review_components_meaning_and_visual_brief
kanji,作,fr,meaning,True,True,False,False,False,review_components_meaning_and_visual_brief
kanji,用,en,meaning,True,True,False,False,False,review_components_meaning_and_visual_brief
kanji,用,fr,meaning,True,True,False,False,False,review_components_meaning_and_visual_brief
kanji,度,en,meaning,True,True,False,False,False,review_components_meaning_and_visual_brief
kanji,度,fr,meaning,True,True,False,False,False,review_components_meaning_and_visual_brief
kanji,強,en,meaning,True,True,False,False,False,review_components_meaning_and_visual_brief
kanji,強,fr,meaning,True,True,False,False,False,review_components_meaning_and_visual_brief
kanji,公,en,meaning,True,True,False,False,False,review_components_meaning_and_visual_brief
kanji,公,fr,meaning,True,True,False,False,False,review_components_meaning_and_visual_brief
kanji,持,en,meaning,True,True,False,False,False,review_components_meaning_and_visual_brief
kanji,持,fr,meaning,True,True,False,False,False,review_components_meaning_and_visual_brief
kanji,野,en,meaning,True,True,False,False,False,review_components_meaning_and_visual_brief
kanji,野,fr,meaning,True,True,False,False,False,review_components_meaning_and_visual_brief
kanji,以,en,meaning,True,True,False,False,False,review_components_meaning_and_visual_brief
kanji,以,fr,meaning,True,True,False,False,False,review_components_meaning_and_visual_brief
kanji,思,en,meaning,True,True,False,False,False,review_components_meaning_and_visual_brief
kanji,思,fr,meaning,True,True,False,False,False,review_components_meaning_and_visual_brief
kanji,家,en,meaning,True,True,False,False,False,review_components_meaning_and_visual_brief
kanji,家,fr,meaning,True,True,False,False,False,review_components_meaning_and_visual_brief
kanji,世,en,meaning,True,True,False,False,False,review_components_meaning_and_visual_brief
kanji,世,fr,meaning,True,True,False,False,False,review_components_meaning_and_visual_brief
kanji,多,en,meaning,True,True,False,False,False,review_components_meaning_and_visual_brief
kanji,多,fr,meaning,True,True,False,False,False,review_components_meaning_and_visual_brief
kanji,正,en,meaning,True,True,False,False,False,review_components_meaning_and_visual_brief
kanji,正,fr,meaning,True,True,False,False,False,review_components_meaning_and_visual_brief
kanji,安,en,meaning,True,True,False,False,False,review_components_meaning_and_visual_brief
kanji,安,fr,meaning,True,True,False,False,False,review_components_meaning_and_visual_brief
kanji,院,en,meaning,True,True,False,False,False,review_components_meaning_and_visual_brief
kanji,院,fr,meaning,True,True,False,False,False,review_components_meaning_and_visual_brief
kanji,心,en,meaning,True,True,False,False,False,review_components_meaning_and_visual_brief
kanji,心,fr,meaning,True,True,False,False,False,review_components_meaning_and_visual_brief
kanji,界,en,meaning,True,True,False,False,False,review_components_meaning_and_visual_brief
kanji,界,fr,meaning,True,True,False,False,False,review_components_meaning_and_visual_brief
kanji,教,en,meaning,True,True,False,False,False,review_components_meaning_and_visual_brief
kanji,教,fr,meaning,True,True,False,False,False,review_components_meaning_and_visual_brief
kanji,文,en,meaning,True,True,False,False,False,review_components_meaning_and_visual_brief
kanji,文,fr,meaning,True,True,False,False,False,review_components_meaning_and_visual_brief
kanji,元,en,meaning,True,True,False,False,False,review_components_meaning_and_visual_brief
kanji,元,fr,meaning,True,True,False,False,False,review_components_meaning_and_visual_brief
kanji,重,en,meaning,True,True,False,False,False,review_components_meaning_and_visual_brief
kanji,重,fr,meaning,True,True,False,False,False,review_components_meaning_and_visual_brief
kanji,近,en,meaning,True,True,False,False,False,review_components_meaning_and_visual_brief
kanji,近,fr,meaning,True,True,False,False,False,review_components_meaning_and_visual_brief
kanji,考,en,meaning,True,True,False,False,False,review_components_meaning_and_visual_brief
kanji,考,fr,meaning,True,True,False,False,False,review_components_meaning_and_visual_brief
kanji,画,en,meaning,True,True,False,False,False,review_components_meaning_and_visual_brief
kanji,画,fr,meaning,True,True,False,False,False,review_components_meaning_and_visual_brief
kanji,海,en,meaning,True,True,False,False,False,review_components_meaning_and_visual_brief
kanji,海,fr,meaning,True,True,False,False,False,review_components_meaning_and_visual_brief
kanji,売,en,meaning,True,True,False,False,False,review_components_meaning_and_visual_brief
kanji,売,fr,meaning,True,True,False,False,False,review_components_meaning_and_visual_brief
kanji,知,en,meaning,True,True,False,False,False,review_components_meaning_and_visual_brief
kanji,知,fr,meaning,True,True,False,False,False,review_components_meaning_and_visual_brief
kanji,道,en,meaning,True,True,False,False,False,review_components_meaning_and_visual_brief
kanji,道,fr,meaning,True,True,False,False,False,review_components_meaning_and_visual_brief
kanji,集,en,meaning,True,True,False,False,False,review_components_meaning_and_visual_brief
kanji,集,fr,meaning,True,True,False,False,False,review_components_meaning_and_visual_brief
kanji,別,en,meaning,True,True,False,False,False,review_components_meaning_and_visual_brief
kanji,別,fr,meaning,True,True,False,False,False,review_components_meaning_and_visual_brief
kanji,物,en,meaning,True,True,False,False,False,review_components_meaning_and_visual_brief
kanji,物,fr,meaning,True,True,False,False,False,review_components_meaning_and_visual_brief
kanji,使,en,meaning,True,True,False,False,False,review_components_meaning_and_visual_brief
kanji,使,fr,meaning,True,True,False,False,False,review_components_meaning_and_visual_brief
kanji,品,en,meaning,True,True,False,False,False,review_components_meaning_and_visual_brief
kanji,品,fr,meaning,True,True,False,False,False,review_components_meaning_and_visual_brief
kanji,計,en,meaning,True,True,False,False,False,review_components_meaning_and_visual_brief
kanji,計,fr,meaning,True,True,False,False,False,review_components_meaning_and_visual_brief
kanji,死,en,meaning,True,True,False,False,False,review_components_meaning_and_visual_brief
kanji,死,fr,meaning,True,True,False,False,False,review_components_meaning_and_visual_brief
kanji,特,en,meaning,True,True,False,False,False,review_components_meaning_and_visual_brief
kanji,特,fr,meaning,True,True,False,False,False,review_components_meaning_and_visual_brief
kanji,私,en,meaning,True,True,False,False,False,review_components_meaning_and_visual_brief
kanji,私,fr,meaning,True,True,False,False,False,review_components_meaning_and_visual_brief
kanji,始,en,meaning,True,True,False,False,False,review_components_meaning_and_visual_brief
kanji,始,fr,meaning,True,True,False,False,False,review_components_meaning_and_visual_brief
kanji,朝,en,meaning,True,True,False,False,False,review_components_meaning_and_visual_brief
kanji,朝,fr,meaning,True,True,False,False,False,review_components_meaning_and_visual_brief
kanji,運,en,meaning,True,True,False,False,False,review_components_meaning_and_visual_brief
kanji,運,fr,meaning,True,True,False,False,False,review_components_meaning_and_visual_brief
kanji,終,en,meaning,True,True,False,False,False,review_components_meaning_and_visual_brief
kanji,終,fr,meaning,True,True,False,False,False,review_components_meaning_and_visual_brief
kanji,台,en,meaning,True,True,False,False,False,review_components_meaning_and_visual_brief
kanji,台,fr,meaning,True,True,False,False,False,review_components_meaning_and_visual_brief
kanji,広,en,meaning,True,True,False,False,False,review_components_meaning_and_visual_brief
kanji,広,fr,meaning,True,True,False,False,False,review_components_meaning_and_visual_brief
kanji,住,en,meaning,True,True,False,False,False,review_components_meaning_and_visual_brief
kanji,住,fr,meaning,True,True,False,False,False,review_components_meaning_and_visual_brief
kanji,真,en,meaning,True,True,False,False,False,review_components_meaning_and_visual_brief
kanji,真,fr,meaning,True,True,False,False,False,review_components_meaning_and_visual_brief
kanji,有,en,meaning,True,True,False,False,False,review_components_meaning_and_visual_brief
kanji,有,fr,meaning,True,True,False,False,False,review_components_meaning_and_visual_brief
kanji,少,en,meaning,True,True,False,False,False,review_components_meaning_and_visual_brief
kanji,少,fr,meaning,True,True,False,False,False,review_components_meaning_and_visual_brief
kanji,町,en,meaning,True,True,False,False,False,review_components_meaning_and_visual_brief
kanji,町,fr,meaning,True,True,False,False,False,review_components_meaning_and_visual_brief
kanji,料,en,meaning,True,True,False,False,False,review_components_meaning_and_visual_brief
kanji,料,fr,meaning,True,True,False,False,False,review_components_meaning_and_visual_brief
kanji,工,en,meaning,True,True,False,False,False,review_components_meaning_and_visual_brief
kanji,工,fr,meaning,True,True,False,False,False,review_components_meaning_and_visual_brief
kanji,建,en,meaning,True,True,False,False,False,review_components_meaning_and_visual_brief
kanji,建,fr,meaning,True,True,False,False,False,review_components_meaning_and_visual_brief
kanji,空,en,meaning,True,True,False,False,False,review_components_meaning_and_visual_brief
kanji,空,fr,meaning,True,True,False,False,False,review_components_meaning_and_visual_brief
kanji,急,en,meaning,True,True,False,False,False,review_components_meaning_and_visual_brief
kanji,急,fr,meaning,True,True,False,False,False,review_components_meaning_and_visual_brief
kanji,止,en,meaning,True,True,False,False,False,review_components_meaning_and_visual_brief
kanji,止,fr,meaning,True,True,False,False,False,review_components_meaning_and_visual_brief
kanji,送,en,meaning,True,True,False,False,False,review_components_meaning_and_visual_brief
kanji,送,fr,meaning,True,True,False,False,False,review_components_meaning_and_visual_brief
kanji,切,en,meaning,True,True,False,False,False,review_components_meaning_and_visual_brief
kanji,切,fr,meaning,True,True,False,False,False,review_components_meaning_and_visual_brief
kanji,転,en,meaning,True,True,False,False,False,review_components_meaning_and_visual_brief
kanji,転,fr,meaning,True,True,False,False,False,review_components_meaning_and_visual_brief
kanji,研,en,meaning,True,True,False,False,False,review_components_meaning_and_visual_brief
kanji,研,fr,meaning,True,True,False,False,False,review_components_meaning_and_visual_brief
kanji,足,en,meaning,True,True,False,False,False,review_components_meaning_and_visual_brief
kanji,足,fr,meaning,True,True,False,False,False,review_components_meaning_and_visual_brief
kanji,究,en,meaning,True,True,False,False,False,review_components_meaning_and_visual_brief
kanji,究,fr,meaning,True,True,False,False,False,review_components_meaning_and_visual_brief
kanji,楽,en,meaning,True,True,False,False,False,review_components_meaning_and_visual_brief
kanji,楽,fr,meaning,True,True,False,False,False,review_components_meaning_and_visual_brief
kanji,起,en,meaning,True,True,False,False,False,review_components_meaning_and_visual_brief
kanji,起,fr,meaning,True,True,False,False,False,review_components_meaning_and_visual_brief
kanji,着,en,meaning,True,True,False,False,False,review_components_meaning_and_visual_brief
kanji,着,fr,meaning,True,True,False,False,False,review_components_meaning_and_visual_brief
kanji,店,en,meaning,True,True,False,False,False,review_components_meaning_and_visual_brief
kanji,店,fr,meaning,True,True,False,False,False,review_components_meaning_and_visual_brief
kanji,病,en,meaning,True,True,False,False,False,review_components_meaning_and_visual_brief
kanji,病,fr,meaning,True,True,False,False,False,review_components_meaning_and_visual_brief
kanji,質,en,meaning,True,True,False,False,False,review_components_meaning_and_visual_brief
kanji,質,fr,meaning,True,True,False,False,False,review_components_meaning_and_visual_brief
kanji,待,en,meaning,True,True,False,False,False,review_components_meaning_and_visual_brief
kanji,待,fr,meaning,True,True,False,False,False,review_components_meaning_and_visual_brief
kanji,試,en,meaning,True,True,False,False,False,review_components_meaning_and_visual_brief
kanji,試,fr,meaning,True,True,False,False,False,review_components_meaning_and_visual_brief
kanji,族,en,meaning,True,True,False,False,False,review_components_meaning_and_visual_brief
kanji,族,fr,meaning,True,True,False,False,False,review_components_meaning_and_visual_brief
kanji,銀,en,meaning,True,True,False,False,False,review_components_meaning_and_visual_brief
kanji,銀,fr,meaning,True,True,False,False,False,review_components_meaning_and_visual_brief
kanji,早,en,meaning,True,True,False,False,False,review_components_meaning_and_visual_brief
kanji,早,fr,meaning,True,True,False,False,False,review_components_meaning_and_visual_brief
kanji,映,en,meaning,True,True,False,False,False,review_components_meaning_and_visual_brief
kanji,映,fr,meaning,True,True,False,False,False,review_components_meaning_and_visual_brief
kanji,親,en,meaning,True,True,False,False,False,review_components_meaning_and_visual_brief
kanji,親,fr,meaning,True,True,False,False,False,review_components_meaning_and_visual_brief
kanji,験,en,meaning,True,True,False,False,False,review_components_meaning_and_visual_brief
kanji,験,fr,meaning,True,True,False,False,False,review_components_meaning_and_visual_brief
kanji,英,en,meaning,True,True,False,False,False,review_components_meaning_and_visual_brief
kanji,英,fr,meaning,True,True,False,False,False,review_components_meaning_and_visual_brief
kanji,医,en,meaning,True,True,False,False,False,review_components_meaning_and_visual_brief
kanji,医,fr,meaning,True,True,False,False,False,review_components_meaning_and_visual_brief
kanji,仕,en,meaning,True,True,False,False,False,review_components_meaning_and_visual_brief
kanji,仕,fr,meaning,True,True,False,False,False,review_components_meaning_and_visual_brief
kanji,去,en,meaning,True,True,False,False,False,review_components_meaning_and_visual_brief
kanji,去,fr,meaning,True,True,False,False,False,review_components_meaning_and_visual_brief
kanji,味,en,meaning,True,True,False,False,False,review_components_meaning_and_visual_brief
kanji,味,fr,meaning,True,True,False,False,False,review_components_meaning_and_visual_brief
kanji,写,en,meaning,True,True,False,False,False,review_components_meaning_and_visual_brief
kanji,写,fr,meaning,True,True,False,False,False,review_components_meaning_and_visual_brief
kanji,字,en,meaning,True,True,False,False,False,review_components_meaning_and_visual_brief
kanji,字,fr,meaning,True,True,False,False,False,review_components_meaning_and_visual_brief
kanji,答,en,meaning,True,True,False,False,False,review_components_meaning_and_visual_brief
kanji,答,fr,meaning,True,True,False,False,False,review_components_meaning_and_visual_brief
kanji,夜,en,meaning,True,True,False,False,False,review_components_meaning_and_visual_brief
kanji,夜,fr,meaning,True,True,False,False,False,review_components_meaning_and_visual_brief
kanji,音,en,meaning,True,True,False,False,False,review_components_meaning_and_visual_brief
kanji,音,fr,meaning,True,True,False,False,False,review_components_meaning_and_visual_brief
kanji,注,en,meaning,True,True,False,False,False,review_components_meaning_and_visual_brief
kanji,注,fr,meaning,True,True,False,False,False,review_components_meaning_and_visual_brief
kanji,帰,en,meaning,True,True,False,False,False,review_components_meaning_and_visual_brief
kanji,帰,fr,meaning,True,True,False,False,False,review_components_meaning_and_visual_brief
kanji,古,en,meaning,True,True,False,False,False,review_components_meaning_and_visual_brief
kanji,古,fr,meaning,True,True,False,False,False,review_components_meaning_and_visual_brief
kanji,歌,en,meaning,True,True,False,False,False,review_components_meaning_and_visual_brief
kanji,歌,fr,meaning,True,True,False,False,False,review_components_meaning_and_visual_brief
kanji,買,en,meaning,True,True,False,False,False,review_components_meaning_and_visual_brief
kanji,買,fr,meaning,True,True,False,False,False,review_components_meaning_and_visual_brief
kanji,悪,en,meaning,True,True,False,False,False,review_components_meaning_and_visual_brief
kanji,悪,fr,meaning,True,True,False,False,False,review_components_meaning_and_visual_brief
kanji,図,en,meaning,True,True,False,False,False,review_components_meaning_and_visual_brief
kanji,図,fr,meaning,True,True,False,False,False,review_components_meaning_and_visual_brief
kanji,週,en,meaning,True,True,False,False,False,review_components_meaning_and_visual_brief
kanji,週,fr,meaning,True,True,False,False,False,review_components_meaning_and_visual_brief
kanji,室,en,meaning,True,True,False,False,False,review_components_meaning_and_visual_brief
kanji,室,fr,meaning,True,True,False,False,False,review_components_meaning_and_visual_brief
kanji,歩,en,meaning,True,True,False,False,False,review_components_meaning_and_visual_brief
kanji,歩,fr,meaning,True,True,False,False,False,review_components_meaning_and_visual_brief
kanji,風,en,meaning,True,True,False,False,False,review_components_meaning_and_visual_brief
kanji,風,fr,meaning,True,True,False,False,False,review_components_meaning_and_visual_brief
kanji,紙,en,meaning,True,True,False,False,False,review_components_meaning_and_visual_brief
kanji,紙,fr,meaning,True,True,False,False,False,review_components_meaning_and_visual_brief
kanji,黒,en,meaning,True,True,False,False,False,review_components_meaning_and_visual_brief
kanji,黒,fr,meaning,True,True,False,False,False,review_components_meaning_and_visual_brief
kanji,花,en,meaning,True,True,False,False,False,review_components_meaning_and_visual_brief
kanji,花,fr,meaning,True,True,False,False,False,review_components_meaning_and_visual_brief
kanji,春,en,meaning,True,True,False,False,False,review_components_meaning_and_visual_brief
kanji,春,fr,meaning,True,True,False,False,False,review_components_meaning_and_visual_brief
kanji,赤,en,meaning,True,True,False,False,False,review_components_meaning_and_visual_brief
kanji,赤,fr,meaning,True,True,False,False,False,review_components_meaning_and_visual_brief
kanji,青,en,meaning,True,True,False,False,False,review_components_meaning_and_visual_brief
kanji,青,fr,meaning,True,True,False,False,False,review_components_meaning_and_visual_brief
kanji,館,en,meaning,True,True,False,False,False,review_components_meaning_and_visual_brief
kanji,館,fr,meaning,True,True,False,False,False,review_components_meaning_and_visual_brief
kanji,屋,en,meaning,True,True,False,False,False,review_components_meaning_and_visual_brief
kanji,屋,fr,meaning,True,True,False,False,False,review_components_meaning_and_visual_brief
kanji,色,en,meaning,True,True,False,False,False,review_components_meaning_and_visual_brief
kanji,色,fr,meaning,True,True,False,False,False,review_components_meaning_and_visual_brief
kanji,走,en,meaning,True,True,False,False,False,review_components_meaning_and_visual_brief
kanji,走,fr,meaning,True,True,False,False,False,review_components_meaning_and_visual_brief
kanji,秋,en,meaning,True,True,False,False,False,review_components_meaning_and_visual_brief
kanji,秋,fr,meaning,True,True,False,False,False,review_components_meaning_and_visual_brief
kanji,夏,en,meaning,True,True,False,False,False,review_components_meaning_and_visual_brief
kanji,夏,fr,meaning,True,True,False,False,False,review_components_meaning_and_visual_brief
kanji,習,en,meaning,True,True,False,False,False,review_components_meaning_and_visual_brief
kanji,習,fr,meaning,True,True,False,False,False,review_components_meaning_and_visual_brief
kanji,駅,en,meaning,True,True,False,False,False,review_components_meaning_and_visual_brief
kanji,駅,fr,meaning,True,True,False,False,False,review_components_meaning_and_visual_brief
kanji,洋,en,meaning,True,True,False,False,False,review_components_meaning_and_visual_brief
kanji,洋,fr,meaning,True,True,False,False,False,review_components_meaning_and_visual_brief
kanji,旅,en,meaning,True,True,False,False,False,review_components_meaning_and_visual_brief
kanji,旅,fr,meaning,True,True,False,False,False,review_components_meaning_and_visual_brief
kanji,服,en,meaning,True,True,False,False,False,review_components_meaning_and_visual_brief
kanji,服,fr,meaning,True,True,False,False,False,review_components_meaning_and_visual_brief
kanji,夕,en,meaning,True,True,False,False,False,review_components_meaning_and_visual_brief
kanji,夕,fr,meaning,True,True,False,False,False,review_components_meaning_and_visual_brief
kanji,借,en,meaning,True,True,False,False,False,review_components_meaning_and_visual_brief
kanji,借,fr,meaning,True,True,False,False,False,review_components_meaning_and_visual_brief
kanji,曜,en,meaning,True,True,False,False,False,review_components_meaning_and_visual_brief
kanji,曜,fr,meaning,True,True,False,False,False,review_components_meaning_and_visual_brief
kanji,肉,en,meaning,True,True,False,False,False,review_components_meaning_and_visual_brief
kanji,肉,fr,meaning,True,True,False,False,False,review_components_meaning_and_visual_brief
kanji,貸,en,meaning,True,True,False,False,False,review_components_meaning_and_visual_brief
kanji,貸,fr,meaning,True,True,False,False,False,review_components_meaning_and_visual_brief
kanji,堂,en,meaning,True,True,False,False,False,review_components_meaning_and_visual_brief
kanji,堂,fr,meaning,True,True,False,False,False,review_components_meaning_and_visual_brief
kanji,鳥,en,meaning,True,True,False,False,False,review_components_meaning_and_visual_brief
kanji,鳥,fr,meaning,True,True,False,False,False,review_components_meaning_and_visual_brief
kanji,飯,en,meaning,True,True,False,False,False,review_components_meaning_and_visual_brief
kanji,飯,fr,meaning,True,True,False,False,False,review_components_meaning_and_visual_brief
kanji,勉,en,meaning,True,True,False,False,False,review_components_meaning_and_visual_brief
kanji,勉,fr,meaning,True,True,False,False,False,review_components_meaning_and_visual_brief
kanji,冬,en,meaning,True,True,False,False,False,review_components_meaning_and_visual_brief
kanji,冬,fr,meaning,True,True,False,False,False,review_components_meaning_and_visual_brief
kanji,昼,en,meaning,True,True,False,False,False,review_components_meaning_and_visual_brief
kanji,昼,fr,meaning,True,True,False,False,False,review_components_meaning_and_visual_brief
kanji,茶,en,meaning,True,True,False,False,False,review_components_meaning_and_visual_brief
kanji,茶,fr,meaning,True,True,False,False,False,review_components_meaning_and_visual_brief
kanji,弟,en,meaning,True,True,False,False,False,review_components_meaning_and_visual_brief
kanji,弟,fr,meaning,True,True,False,False,False,review_components_meaning_and_visual_brief
kanji,牛,en,meaning,True,True,False,False,False,review_components_meaning_and_visual_brief
kanji,牛,fr,meaning,True,True,False,False,False,review_components_meaning_and_visual_brief
kanji,魚,en,meaning,True,True,False,False,False,review_components_meaning_and_visual_brief
kanji,魚,fr,meaning,True,True,False,False,False,review_components_meaning_and_visual_brief
kanji,兄,en,meaning,True,True,False,False,False,review_components_meaning_and_visual_brief
kanji,兄,fr,meaning,True,True,False,False,False,review_components_meaning_and_visual_brief
kanji,犬,en,meaning,True,True,False,False,False,review_components_meaning_and_visual_brief
kanji,犬,fr,meaning,True,True,False,False,False,review_components_meaning_and_visual_brief
kanji,妹,en,meaning,True,True,False,False,False,review_components_meaning_and_visual_brief
kanji,妹,fr,meaning,True,True,False,False,False,review_components_meaning_and_visual_brief
kanji,姉,en,meaning,True,True,False,False,False,review_components_meaning_and_visual_brief
kanji,姉,fr,meaning,True,True,False,False,False,review_components_meaning_and_visual_brief
kanji,漢,en,meaning,True,True,False,False,False,review_components_meaning_and_visual_brief
kanji,漢,fr,meaning,True,True,False,False,False,review_components_meaning_and_visual_brief
kanji,政,en,meaning,True,True,False,False,False,review_components_meaning_and_visual_brief
kanji,政,fr,meaning,True,True,False,False,False,review_components_meaning_and_visual_brief
kanji,分,en,meaning,True,False,False,False,False,review_components_meaning_and_visual_brief
kanji,分,fr,meaning,True,False,False,False,False,review_components_meaning_and_visual_brief
kanji,議,en,meaning,True,True,False,False,False,review_components_meaning_and_visual_brief
kanji,議,fr,meaning,True,True,False,False,False,review_components_meaning_and_visual_brief
kanji,民,en,meaning,True,True,False,False,False,review_components_meaning_and_visual_brief
kanji,民,fr,meaning,True,True,False,False,False,review_components_meaning_and_visual_brief
kanji,連,en,meaning,True,True,False,False,False,review_components_meaning_and_visual_brief
kanji,連,fr,meaning,True,True,False,False,False,review_components_meaning_and_visual_brief
kanji,対,en,meaning,True,True,False,False,False,review_components_meaning_and_visual_brief
kanji,対,fr,meaning,True,True,False,False,False,review_components_meaning_and_visual_brief
kanji,部,en,meaning,True,True,False,False,False,review_components_meaning_and_visual_brief
kanji,部,fr,meaning,True,True,False,False,False,review_components_meaning_and_visual_brief
kanji,党,en,meaning,True,True,False,False,False,review_components_meaning_and_visual_brief
kanji,党,fr,meaning,True,True,False,False,False,review_components_meaning_and_visual_brief
kanji,合,en,meaning,True,True,False,False,False,review_components_meaning_and_visual_brief
kanji,合,fr,meaning,True,True,False,False,False,review_components_meaning_and_visual_brief
kanji,市,en,meaning,True,True,False,False,False,review_components_meaning_and_visual_brief
kanji,市,fr,meaning,True,True,False,False,False,review_components_meaning_and_visual_brief
kanji,内,en,meaning,True,True,False,False,False,review_components_meaning_and_visual_brief
kanji,内,fr,meaning,True,True,False,False,False,review_components_meaning_and_visual_brief
kanji,相,en,meaning,True,True,False,False,False,review_components_meaning_and_visual_brief
kanji,相,fr,meaning,True,True,False,False,False,review_components_meaning_and_visual_brief
kanji,定,en,meaning,True,True,False,False,False,review_components_meaning_and_visual_brief
kanji,定,fr,meaning,True,True,False,False,False,review_components_meaning_and_visual_brief
kanji,回,en,meaning,True,True,False,False,False,review_components_meaning_and_visual_brief
kanji,回,fr,meaning,True,True,False,False,False,review_components_meaning_and_visual_brief
kanji,選,en,meaning,True,True,False,False,False,review_components_meaning_and_visual_brief
kanji,選,fr,meaning,True,True,False,False,False,review_components_meaning_and_visual_brief
kanji,米,en,meaning,True,True,False,False,False,review_components_meaning_and_visual_brief
kanji,米,fr,meaning,True,True,False,False,False,review_components_meaning_and_visual_brief
kanji,実,en,meaning,True,True,False,False,False,review_components_meaning_and_visual_brief
kanji,実,fr,meaning,True,True,False,False,False,review_components_meaning_and_visual_brief
kanji,関,en,meaning,True,True,False,False,False,review_components_meaning_and_visual_brief
kanji,関,fr,meaning,True,True,False,False,False,review_components_meaning_and_visual_brief
kanji,決,en,meaning,True,True,False,False,False,review_components_meaning_and_visual_brief
kanji,決,fr,meaning,True,True,False,False,False,review_components_meaning_and_visual_brief
kanji,全,en,meaning,True,True,False,False,False,review_components_meaning_and_visual_brief
kanji,全,fr,meaning,True,True,False,False,False,review_components_meaning_and_visual_brief
kanji,表,en,meaning,True,True,False,False,False,review_components_meaning_and_visual_brief
kanji,表,fr,meaning,True,True,False,False,False,review_components_meaning_and_visual_brief
kanji,戦,en,meaning,True,True,False,False,False,review_components_meaning_and_visual_brief
kanji,戦,fr,meaning,True,True,False,False,False,review_components_meaning_and_visual_brief
kanji,経,en,meaning,True,True,False,False,False,review_components_meaning_and_visual_brief
kanji,経,fr,meaning,True,True,False,False,False,review_components_meaning_and_visual_brief
kanji,最,en,meaning,True,True,False,False,False,review_components_meaning_and_visual_brief
kanji,最,fr,meaning,True,True,False,False,False,review_components_meaning_and_visual_brief
kanji,氏,en,meaning,True,True,False,False,False,review_components_meaning_and_visual_brief
kanji,氏,fr,meaning,True,True,False,False,False,review_components_meaning_and_visual_brief
kanji,現,en,meaning,True,True,False,False,False,review_components_meaning_and_visual_brief
kanji,現,fr,meaning,True,True,False,False,False,review_components_meaning_and_visual_brief
kanji,調,en,meaning,True,True,False,False,False,review_components_meaning_and_visual_brief
kanji,調,fr,meaning,True,True,False,False,False,review_components_meaning_and_visual_brief
kanji,化,en,meaning,True,True,False,False,False,review_components_meaning_and_visual_brief
kanji,化,fr,meaning,True,True,False,False,False,review_components_meaning_and_visual_brief
kanji,当,en,meaning,True,True,False,False,False,review_components_meaning_and_visual_brief
kanji,当,fr,meaning,True,True,False,False,False,review_components_meaning_and_visual_brief
kanji,約,en,meaning,True,True,False,False,False,review_components_meaning_and_visual_brief
kanji,約,fr,meaning,True,True,False,False,False,review_components_meaning_and_visual_brief
kanji,首,en,meaning,True,True,False,False,False,review_components_meaning_and_visual_brief
kanji,首,fr,meaning,True,True,False,False,False,review_components_meaning_and_visual_brief
kanji,法,en,meaning,True,True,False,False,False,review_components_meaning_and_visual_brief
kanji,法,fr,meaning,True,True,False,False,False,review_components_meaning_and_visual_brief
kanji,性,en,meaning,True,True,False,False,False,review_components_meaning_and_visual_brief
kanji,性,fr,meaning,True,True,False,False,False,review_components_meaning_and_visual_brief
kanji,的,en,meaning,True,False,False,False,False,review_components_meaning_and_visual_brief
kanji,的,fr,meaning,True,False,False,False,False,review_components_meaning_and_visual_brief
kanji,要,en,meaning,True,True,False,False,False,review_components_meaning_and_visual_brief
kanji,要,fr,meaning,True,True,False,False,False,review_components_meaning_and_visual_brief
kanji,制,en,meaning,True,True,False,False,False,review_components_meaning_and_visual_brief
kanji,制,fr,meaning,True,True,False,False,False,review_components_meaning_and_visual_brief
kanji,治,en,meaning,True,True,False,False,False,review_components_meaning_and_visual_brief
kanji,治,fr,meaning,True,True,False,False,False,review_components_meaning_and_visual_brief
kanji,務,en,meaning,True,True,False,False,False,review_components_meaning_and_visual_brief
kanji,務,fr,meaning,True,True,False,False,False,review_components_meaning_and_visual_brief
kanji,成,en,meaning,True,True,False,False,False,review_components_meaning_and_visual_brief
kanji,成,fr,meaning,True,True,False,False,False,review_components_meaning_and_visual_brief
kanji,期,en,meaning,True,True,False,False,False,review_components_meaning_and_visual_brief
kanji,期,fr,meaning,True,True,False,False,False,review_components_meaning_and_visual_brief
kanji,協,en,meaning,True,True,False,False,False,review_components_meaning_and_visual_brief
kanji,協,fr,meaning,True,True,False,False,False,review_components_meaning_and_visual_brief
kanji,取,en,meaning,True,True,False,False,False,review_components_meaning_and_visual_brief
kanji,取,fr,meaning,True,True,False,False,False,review_components_meaning_and_visual_brief
kanji,都,en,meaning,True,True,False,False,False,review_components_meaning_and_visual_brief
kanji,都,fr,meaning,True,True,False,False,False,review_components_meaning_and_visual_brief
kanji,和,en,meaning,True,True,False,False,False,review_components_meaning_and_visual_brief
kanji,和,fr,meaning,True,True,False,False,False,review_components_meaning_and_visual_brief
kanji,統,en,meaning,True,True,False,False,False,review_components_meaning_and_visual_brief
kanji,統,fr,meaning,True,True,False,False,False,review_components_meaning_and_visual_brief
kanji,機,en,meaning,True,True,False,False,False,review_components_meaning_and_visual_brief
kanji,機,fr,meaning,True,True,False,False,False,review_components_meaning_and_visual_brief
kanji,平,en,meaning,True,True,False,False,False,review_components_meaning_and_visual_brief
kanji,平,fr,meaning,True,True,False,False,False,review_components_meaning_and_visual_brief
kanji,総,en,meaning,True,True,False,False,False,review_components_meaning_and_visual_brief
kanji,総,fr,meaning,True,True,False,False,False,review_components_meaning_and_visual_brief
kanji,加,en,meaning,True,True,False,False,False,review_components_meaning_and_visual_brief
kanji,加,fr,meaning,True,True,False,False,False,review_components_meaning_and_visual_brief
kanji,受,en,meaning,True,True,False,False,False,review_components_meaning_and_visual_brief
kanji,受,fr,meaning,True,True,False,False,False,review_components_meaning_and_visual_brief
kanji,区,en,meaning,True,True,False,False,False,review_components_meaning_and_visual_brief
kanji,区,fr,meaning,True,True,False,False,False,review_components_meaning_and_visual_brief
kanji,領,en,meaning,True,True,False,False,False,review_components_meaning_and_visual_brief
kanji,領,fr,meaning,True,True,False,False,False,review_components_meaning_and_visual_brief
kanji,県,en,meaning,True,True,False,False,False,review_components_meaning_and_visual_brief
kanji,県,fr,meaning,True,True,False,False,False,review_components_meaning_and_visual_brief
kanji,続,en,meaning,True,True,False,False,False,review_components_meaning_and_visual_brief
kanji,続,fr,meaning,True,True,False,False,False,review_components_meaning_and_visual_brief
kanji,進,en,meaning,True,True,False,False,False,review_components_meaning_and_visual_brief
kanji,進,fr,meaning,True,True,False,False,False,review_components_meaning_and_visual_brief
