position,kanji,selection_reason,jlpt_project_mapping,school_grade,frequency_rank_kanjidic,english_meanings,components_krad
1,日,project_n5_n4,5,1,1,day; sun; Japan; counter for days,"[""日""]"
2,一,project_n5_n4,5,1,2,one; one radical (no.1),"[""一""]"
3,国,project_n5_n4,5,2,3,country,"[""王"",""囗"",""丶""]"
4,人,project_n5_n4,5,1,5,person,"[""人""]"
5,年,project_n5_n4,5,1,6,year; counter for years,"[""ノ"",""一"",""干"",""乞""]"
6,大,project_n5_n4,5,1,7,large; big,"[""大""]"
7,十,project_n5_n4,5,1,8,ten,"[""十""]"
8,二,project_n5_n4,5,1,9,two; two radical (no. 7),"[""二""]"
9,本,project_n5_n4,5,1,10,book; present; main; origin; true; real; counter for long cylindrical things,"[""一"",""木""]"
10,中,project_n5_n4,5,1,11,in; inside; middle; mean; center,"[""｜"",""口""]"
11,長,project_n5_n4,5,2,12,long; leader; superior; senior,"[""長""]"
12,出,project_n5_n4,5,1,13,exit; leave; go out; come out; put out; protrude,"[""｜"",""山"",""凵""]"
13,三,project_n5_n4,5,1,14,three,"[""一"",""二""]"
14,時,project_n5_n4,5,2,16,time; hour,"[""寸"",""土"",""日""]"
15,行,project_n5_n4,5,2,20,going; journey; carry out; conduct; act; line; row; bank,"[""行"",""彳""]"
16,見,project_n5_n4,5,1,22,see; hopes; chances; idea; opinion; look at; visible,"[""見"",""目"",""儿""]"
17,月,project_n5_n4,5,1,23,month; moon,"[""月""]"
18,後,project_n5_n4,5,2,26,behind; back; later,"[""夂"",""幺"",""彳""]"
19,前,project_n5_n4,5,2,27,in front; before,"[""一"",""刈"",""月"",""并""]"
20,生,project_n5_n4,5,1,29,life; genuine; birth,"[""生""]"
21,五,project_n5_n4,5,1,31,five,"[""五""]"
22,間,project_n5_n4,5,2,33,interval; space,"[""日"",""門""]"
23,上,project_n5_n4,5,1,35,above; up,"[""一"",""卜""]"
24,東,project_n5_n4,5,2,37,east,"[""｜"",""一"",""日"",""木"",""田""]"
25,四,project_n5_n4,5,1,47,four,"[""儿"",""囗""]"
26,今,project_n5_n4,5,2,49,now,"[""个"",""一""]"
27,金,project_n5_n4,5,1,53,gold,"[""金"",""王"",""ハ"",""个"",""并""]"
28,九,project_n5_n4,5,1,55,nine,"[""九""]"
29,入,project_n5_n4,5,1,56,enter; insert,"[""入""]"
30,力,project_n5_n4,5,1,62,power; strength; strong; strain; bear up; exert,"[""力""]"
31,学,project_n5_n4,5,1,63,study; learning; science,"[""子"",""尚"",""冖""]"
32,高,project_n5_n4,5,2,65,tall; high; expensive,"[""口"",""高"",""亠"",""冂""]"
33,円,project_n5_n4,5,1,69,circle; yen; round,"[""冂"",""亠"",""一"",""｜""]"
34,子,project_n5_n4,5,1,72,child; sign of the rat; 11PM-1AM; first sign of Chinese zodiac,"[""子""]"
35,目,project_n5_n4,5,1,76,eye; class; look; insight; experience; care; favor,"[""目""]"
36,外,project_n5_n4,5,2,81,outside,"[""卜"",""夕""]"
37,田,project_n5_n4,5,1,90,rice field; rice paddy,"[""田""]"
38,八,project_n5_n4,5,1,92,eight; eight radical (no. 12),"[""ハ""]"
39,六,project_n5_n4,5,1,93,six,"[""ハ"",""亠""]"
40,下,project_n5_n4,5,1,97,below; down; descend; give; low; inferior,"[""｜"",""一"",""卜""]"
41,来,project_n5_n4,5,2,102,come; due; next; cause; become,"[""｜"",""二"",""米"",""亠"",""木""]"
42,気,project_n5_n4,5,1,113,spirit; mind; air; atmosphere; mood,"[""气"",""丶"",""ノ"",""乞""]"
43,小,project_n5_n4,5,1,114,little; small,"[""小""]"
44,七,project_n5_n4,5,1,115,seven,"[""乙"",""匕"",""ノ""]"
45,山,project_n5_n4,5,1,131,mountain,"[""山""]"
46,話,project_n5_n4,5,2,134,tale; talk,"[""言"",""口"",""舌""]"
47,女,project_n5_n4,5,1,151,woman; female,"[""女""]"
48,北,project_n5_n4,5,2,153,north,"[""匕"",""爿""]"
49,午,project_n5_n4,5,2,154,noon; sign of the horse; 11AM-1PM; seventh sign of Chinese zodiac,"[""ノ"",""干"",""十"",""乞""]"
50,百,project_n5_n4,5,1,163,hundred,"[""一"",""白""]"
51,書,project_n5_n4,5,2,169,write,"[""日"",""聿""]"
52,先,project_n5_n4,5,1,173,before; ahead; previous; future; precedence,"[""ノ"",""土"",""儿""]"
53,名,project_n5_n4,5,1,177,name; noted; distinguished; reputation,"[""口"",""夕""]"
54,川,project_n5_n4,5,1,181,stream; river; river or three-stroke river radical (no. 47),"[""川""]"
55,千,project_n5_n4,5,1,195,thousand,"[""ノ"",""十""]"
56,水,project_n5_n4,5,1,223,water,"[""水""]"
57,半,project_n5_n4,5,2,224,half; middle; odd number; semi-; part-,"[""｜"",""二"",""并"",""十""]"
58,男,project_n5_n4,5,1,240,male,"[""田"",""力""]"
59,西,project_n5_n4,5,2,259,west; Spain,"[""西""]"
60,電,project_n5_n4,5,2,268,electricity,"[""雨"",""田"",""乙""]"
61,口,project_n5_n4,5,1,284,mouth,"[""囗"",""口""]"
62,校,project_n5_n4,5,1,294,exam; school; printing; proof; correction,"[""父"",""木"",""亠""]"
63,語,project_n5_n4,5,2,301,word; speech; language,"[""言"",""口"",""五""]"
64,土,project_n5_n4,5,1,307,soil; earth; ground; Turkey,"[""土""]"
65,木,project_n5_n4,5,1,317,tree; wood,"[""木""]"
66,聞,project_n5_n4,5,2,319,hear; ask; listen,"[""耳"",""門""]"
67,食,project_n5_n4,5,2,328,eat; food,"[""食""]"
68,車,project_n5_n4,5,1,333,car,"[""車""]"
69,何,project_n5_n4,5,2,340,what,"[""化"",""口"",""亅"",""一""]"
70,南,project_n5_n4,5,2,341,south,"[""干"",""十"",""并"",""冂""]"
71,万,project_n5_n4,5,2,375,"ten thousand; 10,000","[""｜"",""ノ"",""一""]"
72,毎,project_n5_n4,5,2,436,every,"[""母"",""毋"",""乞""]"
73,白,project_n5_n4,5,1,483,white,"[""白""]"
74,天,project_n5_n4,5,1,512,heavens; sky; imperial,"[""一"",""大"",""二""]"
75,母,project_n5_n4,5,2,570,mother,"[""母"",""毋""]"
76,火,project_n5_n4,5,1,574,fire,"[""火""]"
77,右,project_n5_n4,5,1,602,right,"[""ノ"",""一"",""口""]"
78,読,project_n5_n4,5,2,618,read,"[""言"",""士"",""儿"",""冖""]"
79,友,project_n5_n4,5,2,622,friend,"[""ノ"",""一"",""又""]"
80,左,project_n5_n4,5,1,630,left,"[""ノ"",""一"",""工""]"
81,休,project_n5_n4,5,1,642,rest; day off; retire; sleep,"[""化"",""木""]"
82,父,project_n5_n4,5,2,646,father,"[""父""]"
83,雨,project_n5_n4,5,1,950,rain,"[""雨""]"
84,飲,project_n5_n4,5,3,969,drink; smoke; take,"[""欠"",""食""]"
85,会,project_n5_n4,4,2,4,meeting; meet; party; association; interview; join,"[""二"",""个"",""厶""]"
86,同,project_n5_n4,4,2,15,same; agree; equal,"[""口"",""冂"",""一""]"
87,事,project_n5_n4,4,3,18,matter; thing; fact; business; reason; possibly,"[""一"",""口"",""亅"",""ヨ""]"
88,自,project_n5_n4,4,2,19,oneself,"[""自"",""目""]"
89,社,project_n5_n4,4,2,21,company; firm; office; association; shrine,"[""土"",""礼""]"
90,発,project_n5_n4,4,3,32,departure; discharge; publish; emit; start from; disclose; counter for gunshots,"[""二"",""儿"",""癶""]"
91,者,project_n5_n4,4,3,38,someone; person,"[""日"",""老""]"
92,地,project_n5_n4,4,2,40,ground; earth,"[""土"",""也""]"
93,業,project_n5_n4,4,3,43,business; vocation; arts; performance,"[""｜"",""一"",""王"",""并"",""木"",""羊"",""耒""]"
94,方,project_n5_n4,4,2,46,direction; person; alternative,"[""方""]"
95,新,project_n5_n4,4,2,51,new,"[""斤"",""辛"",""并"",""木"",""立"",""亠""]"
96,場,project_n5_n4,4,2,52,location; place,"[""土"",""日"",""一"",""勿""]"
97,員,project_n5_n4,4,3,54,employee; member; number; the one in charge,"[""貝"",""目"",""ハ"",""口""]"
98,立,project_n5_n4,4,1,58,stand up; rise; set up; erect,"[""立""]"
99,開,project_n5_n4,4,3,59,open; unfold; unseal,"[""一"",""門"",""廾"",""二"",""ノ""]"
100,手,project_n5_n4,4,1,60,hand,"[""手""]"
101,問,project_n5_n4,4,3,64,question; ask; problem,"[""口"",""門""]"
102,代,project_n5_n4,4,3,66,"substitute; change; convert; replace; period; age; counter for decades of ages, eras, etc.; generation; charge; rate; fee","[""化"",""弋""]"
103,明,project_n5_n4,4,2,67,bright; light,"[""月"",""日""]"
104,動,project_n5_n4,4,3,73,move; motion; change; confusion; shift; shake,"[""｜"",""一"",""日"",""力"",""里"",""ノ""]"
105,京,project_n5_n4,4,2,74,capital; 10**16,"[""口"",""小"",""亠""]"
106,通,project_n5_n4,4,2,80,"traffic; pass through; avenue; commute; counter for letters, notes, documents, etc.","[""込"",""用"",""マ""]"
107,言,project_n5_n4,4,2,83,say; word,"[""言""]"
108,理,project_n5_n4,4,2,86,logic; arrangement; reason; justice; truth,"[""王"",""里""]"
109,体,project_n5_n4,4,2,88,body; substance; object; reality; counter for images,"[""木"",""一"",""化""]"
110,主,project_n5_n4,4,3,95,lord; chief; master; main thing; principal,"[""王"",""丶""]"
111,題,project_n5_n4,4,3,96,topic; subject,"[""貝"",""目"",""ハ"",""日"",""疋"",""頁""]"
112,意,project_n5_n4,4,3,99,idea; mind; heart; taste; thought; desire; care; liking,"[""音"",""心"",""日"",""立""]"
113,不,project_n5_n4,4,4,101,negative; non-; bad; ugly; clumsy,"[""｜"",""ノ"",""一"",""丶""]"
114,作,project_n5_n4,4,2,103,make; production; prepare; build,"[""｜"",""ノ"",""化"",""一"",""乞""]"
115,用,project_n5_n4,4,2,107,utilize; business; service; use; employ,"[""用""]"
116,度,project_n5_n4,4,3,110,degrees; occurrence; time; counter for occurrences; consider; attitude,"[""又"",""广"",""一"",""凵""]"
117,強,project_n5_n4,4,2,112,strong,"[""弓"",""虫"",""厶""]"
118,公,project_n5_n4,4,2,118,public; prince; official; governmental,"[""ハ"",""厶""]"
119,持,project_n5_n4,4,3,119,hold; have,"[""寸"",""土"",""扎""]"
120,野,project_n5_n4,4,2,120,plains; field; rustic; civilian life,"[""矛"",""里"",""亅""]"
121,以,project_n5_n4,4,4,126,by means of; because; in view of; compared with,"[""｜"",""人"",""丶""]"
122,思,project_n5_n4,4,2,132,think,"[""心"",""田""]"
123,家,project_n5_n4,4,2,133,house; home; family; professional; expert; performer,"[""宀"",""豕""]"
124,世,project_n5_n4,4,3,135,generation; world; society; public,"[""｜"",""一"",""世""]"
125,多,project_n5_n4,4,2,139,many; frequent; much,"[""夕""]"
126,正,project_n5_n4,4,1,143,correct; justice; righteous; 10**40,"[""一"",""止""]"
127,安,project_n5_n4,4,3,144,relax; cheap; low; quiet; rested; contented; peaceful,"[""女"",""宀""]"
128,院,project_n5_n4,4,3,150,Inst.; institution; temple; mansion; school,"[""二"",""儿"",""宀"",""阡"",""元""]"
129,心,project_n5_n4,4,2,157,heart; mind; spirit; heart radical (no. 61),"[""心""]"
130,界,project_n5_n4,4,3,158,world; boundary,"[""田"",""个"",""儿""]"
131,教,project_n5_n4,4,2,166,teach; faith; doctrine,"[""子"",""老"",""攵"",""乞""]"
132,文,project_n5_n4,4,1,190,sentence; literature; style; art; decoration; figures; plan; literary radical (no. 67),"[""文""]"
133,元,project_n5_n4,4,2,192,beginning; former time; origin,"[""二"",""儿"",""元""]"
134,重,project_n5_n4,4,3,193,heavy; important; esteem; respect; heap up; pile up; nest of boxes; -fold,"[""｜"",""ノ"",""一"",""日"",""里""]"
135,近,project_n5_n4,4,2,194,near; early; akin; tantamount,"[""斤"",""込""]"
136,考,project_n5_n4,4,2,196,consider; think over,"[""老"",""勹""]"
137,画,project_n5_n4,4,2,199,brush-stroke; picture,"[""一"",""田"",""凵""]"
138,海,project_n5_n4,4,2,200,sea; ocean,"[""汁"",""母"",""毋"",""乞""]"
139,売,project_n5_n4,4,2,202,sell,"[""士"",""儿"",""冖""]"
140,知,project_n5_n4,4,2,205,know; wisdom,"[""口"",""矢"",""乞""]"
141,道,project_n5_n4,4,2,207,road-way; street; district; journey; course; moral; teachings,"[""込"",""自"",""并"",""首""]"
142,集,project_n5_n4,4,3,210,gather; meet; congregate; swarm; flock,"[""木"",""隹""]"
143,別,project_n5_n4,4,4,214,separate; branch off; diverge; fork; another; extra; specially,"[""刈"",""口"",""力"",""勹""]"
144,物,project_n5_n4,4,3,215,thing; object; matter,"[""勿"",""牛"",""勹"",""ノ""]"
145,使,project_n5_n4,4,3,219,use; send on a mission; order; messenger; envoy; ambassador; cause,"[""ノ"",""一"",""化"",""口""]"
146,品,project_n5_n4,4,3,225,goods; refinement; dignity; article; counter for meal courses,"[""口"",""品""]"
147,計,project_n5_n4,4,2,228,plot; plan; scheme; measure,"[""言"",""十""]"
148,死,project_n5_n4,4,3,229,death; die,"[""一"",""夕"",""匕"",""歹""]"
149,特,project_n5_n4,4,4,234,special,"[""牛"",""寸"",""土""]"
150,私,project_n5_n4,4,6,242,private; I; me,"[""禾"",""厶""]"
151,始,project_n5_n4,4,3,244,commence; begin,"[""口"",""女"",""厶""]"
152,朝,project_n5_n4,4,2,248,morning; dynasty; regime; epoch; period; (North) Korea,"[""月"",""十"",""日""]"
153,運,project_n5_n4,4,3,255,carry; luck; destiny; fate; lot; transport; progress; advance,"[""込"",""車"",""冖""]"
154,終,project_n5_n4,4,3,256,end; finish,"[""糸"",""幺"",""小"",""夂""]"
155,台,project_n5_n4,4,2,262,pedestal; a stand; counter for machines and vehicles,"[""口"",""厶""]"
156,広,project_n5_n4,4,2,263,wide; broad; spacious,"[""厶"",""广""]"
157,住,project_n5_n4,4,3,270,dwell; reside; live; inhabit,"[""王"",""化"",""丶""]"
158,真,project_n5_n4,4,3,279,true; reality; Buddhist sect,"[""一"",""十"",""ハ"",""目""]"
159,有,project_n5_n4,4,3,282,possess; have; exist; happen; occur; approx,"[""ノ"",""一"",""月""]"
160,少,project_n5_n4,4,2,287,few; little,"[""ノ"",""小""]"
161,町,project_n5_n4,4,1,292,town; village; block; street,"[""一"",""田"",""亅""]"
162,料,project_n5_n4,4,4,295,fee; materials,"[""斗"",""米""]"
163,工,project_n5_n4,4,2,299,craft; construction; katakana e radical (no. 48),"[""工""]"
164,建,project_n5_n4,4,4,300,build,"[""廴"",""聿""]"
165,空,project_n5_n4,4,1,304,empty; sky; void; vacant; vacuum,"[""穴"",""工"",""儿"",""宀""]"
166,急,project_n5_n4,4,3,309,hurry; emergency; sudden; steep,"[""ヨ"",""心"",""勹""]"
167,止,project_n5_n4,4,2,310,stop; halt,"[""止""]"
168,送,project_n5_n4,4,3,311,escort; send,"[""込"",""并"",""大"",""一"",""二""]"
169,切,project_n5_n4,4,2,324,cut; cutoff; be sharp,"[""刀"",""匕""]"
170,転,project_n5_n4,4,3,327,revolve; turn around; change,"[""車"",""二"",""厶""]"
171,研,project_n5_n4,4,3,336,polish; study of; sharpen,"[""｜"",""口"",""石"",""亅"",""廾"",""ノ"",""二"",""一""]"
172,足,project_n5_n4,4,1,343,leg; foot; be sufficient; counter for pairs of footwear,"[""口"",""足"",""止""]"
173,究,project_n5_n4,4,3,368,research; study,"[""穴"",""九"",""儿"",""宀""]"
174,楽,project_n5_n4,4,2,373,music; comfort; ease,"[""白"",""木"",""冫""]"
175,起,project_n5_n4,4,3,374,rouse; wake up; get up,"[""走"",""土"",""已""]"
176,着,project_n5_n4,4,3,376,don; arrive; wear; counter for suits of clothing,"[""ノ"",""王"",""并"",""目"",""羊""]"
177,店,project_n5_n4,4,2,378,store; shop,"[""口"",""卜"",""广""]"
178,病,project_n5_n4,4,3,384,ill; sick,"[""一"",""人"",""冂"",""疔""]"
179,質,project_n5_n4,4,5,389,substance; quality; matter; temperament,"[""貝"",""目"",""ハ"",""斤""]"
180,待,project_n5_n4,4,3,391,wait; depend on,"[""寸"",""土"",""彳""]"
181,試,project_n5_n4,4,4,392,test; try; attempt; experiment; ordeal,"[""言"",""工"",""弋""]"
182,族,project_n5_n4,4,3,393,tribe; family,"[""方"",""矢"",""乞""]"
183,銀,project_n5_n4,4,3,395,silver,"[""金"",""艮""]"
184,早,project_n5_n4,4,1,402,early; fast,"[""十"",""日""]"
185,映,project_n5_n4,4,6,404,reflect; reflection; projection,"[""ノ"",""日"",""大"",""冖""]"
186,親,project_n5_n4,4,2,406,parent; intimacy; relative; familiarity; dealer (cards),"[""見"",""辛"",""并"",""木"",""立"",""亠""]"
187,験,project_n5_n4,4,4,410,verification; effect; testing,"[""口"",""人"",""馬"",""个"",""杰""]"
188,英,project_n5_n4,4,4,430,England; English; hero; outstanding; calyx,"[""ノ"",""艾"",""大"",""冖""]"
189,医,project_n5_n4,4,3,437,doctor; medicine,"[""矢"",""匚"",""乞""]"
190,仕,project_n5_n4,4,3,439,attend; doing; official; serve,"[""化"",""士""]"
191,去,project_n5_n4,4,3,440,gone; past; quit; leave; elapse; eliminate; divorce,"[""土"",""厶""]"
192,味,project_n5_n4,4,3,442,flavor; taste,"[""｜"",""口"",""二"",""ハ"",""木"",""亠""]"
193,写,project_n5_n4,4,3,453,copy; be photographed; describe,"[""一"",""冖"",""勹""]"
194,字,project_n5_n4,4,1,485,character; letter; word; section of village,"[""子"",""宀""]"
195,答,project_n5_n4,4,2,486,solution; answer,"[""口"",""竹"",""个"",""一"",""乞""]"
196,夜,project_n5_n4,4,2,487,night; evening,"[""化"",""夕"",""亠""]"
197,音,project_n5_n4,4,1,491,sound; noise,"[""音"",""日"",""立""]"
198,注,project_n5_n4,4,3,497,pour; irrigate; shed (tears); flow into; concentrate on; notes; comment; annotate,"[""王"",""汁"",""丶""]"
199,帰,project_n5_n4,4,2,504,homecoming; arrive at; lead to; result in,"[""ヨ"",""刈"",""巾"",""冖""]"
200,古,project_n5_n4,4,2,509,old,"[""口"",""十""]"
201,歌,project_n5_n4,4,2,519,song; sing,"[""一"",""欠"",""口"",""亅""]"
202,買,project_n5_n4,4,2,520,buy,"[""貝"",""目"",""ハ"",""買""]"
203,悪,project_n5_n4,4,3,530,bad; vice; rascal; false; evil; wrong,"[""｜"",""一"",""口"",""心""]"
204,図,project_n5_n4,4,2,539,map; drawing; plan; extraordinary; audacious,"[""斗"",""囗""]"
205,週,project_n5_n4,4,2,540,week,"[""口"",""込"",""土"",""冂""]"
206,室,project_n5_n4,4,2,550,room; apartment; chamber; greenhouse; cellar,"[""至"",""土"",""厶"",""宀""]"
207,歩,project_n5_n4,4,2,554,walk; counter for steps,"[""ノ"",""止"",""小""]"
208,風,project_n5_n4,4,2,558,wind; air; style; manner,"[""風"",""几"",""虫"",""ノ""]"
209,紙,project_n5_n4,4,2,559,paper,"[""氏"",""糸"",""幺"",""小""]"
210,黒,project_n5_n4,4,2,573,black,"[""黒"",""里"",""杰""]"
211,花,project_n5_n4,4,1,578,flower,"[""化"",""匕"",""艾""]"
212,春,project_n5_n4,4,2,579,springtime; spring (season),"[""一"",""二"",""日"",""人"",""大""]"
213,赤,project_n5_n4,4,1,584,red,"[""赤"",""土""]"
214,青,project_n5_n4,4,1,589,blue; green,"[""月"",""青"",""土"",""二"",""亠""]"
215,館,project_n5_n4,4,3,613,building; mansion; large building; palace,"[""口"",""食"",""宀"",""｜""]"
216,屋,project_n5_n4,4,3,616,roof; house; shop; dealer; seller,"[""至"",""土"",""厶"",""尸""]"
217,色,project_n5_n4,4,2,621,color,"[""色"",""巴"",""勹""]"
218,走,project_n5_n4,4,2,626,run,"[""走"",""土""]"
219,秋,project_n5_n4,4,2,635,autumn,"[""火"",""禾""]"
220,夏,project_n5_n4,4,2,659,summer,"[""一"",""自"",""夂"",""目""]"
221,習,project_n5_n4,4,3,706,learn,"[""羽"",""白"",""冫""]"
222,駅,project_n5_n4,4,3,724,station,"[""馬"",""尸"",""杰"",""丶""]"
223,洋,project_n5_n4,4,3,763,ocean; sea; foreign; Western style,"[""王"",""汁"",""并"",""羊""]"
224,旅,project_n5_n4,4,3,783,trip; travel,"[""ノ"",""方"",""乞""]"
225,服,project_n5_n4,4,3,873,clothing; admit; obey; discharge,"[""月"",""又"",""卩""]"
226,夕,project_n5_n4,4,1,924,evening,"[""夕""]"
227,借,project_n5_n4,4,4,932,borrow; rent,"[""化"",""日"",""廾"",""二""]"
228,曜,project_n5_n4,4,2,940,weekday,"[""ヨ"",""日"",""隹""]"
229,肉,project_n5_n4,4,2,986,meat,"[""肉"",""冂"",""人""]"
230,貸,project_n5_n4,4,5,995,lend,"[""化"",""貝"",""目"",""ハ"",""弋""]"
231,堂,project_n5_n4,4,5,1010,public chamber; hall,"[""口"",""尚"",""土"",""冖""]"
232,鳥,project_n5_n4,4,2,1043,bird; chicken,"[""鳥"",""杰""]"
233,飯,project_n5_n4,4,4,1046,meal; boiled rice,"[""食"",""又"",""厂""]"
234,勉,project_n5_n4,4,3,1066,exertion; endeavour; encourage; strive; make effort; diligent,"[""力"",""免"",""儿"",""勹""]"
235,冬,project_n5_n4,4,2,1090,winter,"[""夂"",""丶"",""攵""]"
236,昼,project_n5_n4,4,2,1115,daytime; noon,"[""一"",""日"",""尸"",""丶""]"
237,茶,project_n5_n4,4,2,1116,tea,"[""个"",""艾"",""木""]"
238,弟,project_n5_n4,4,2,1161,younger brother; faithful service to elders,"[""｜"",""ノ"",""弓"",""并""]"
239,牛,project_n5_n4,4,2,1202,cow,"[""牛""]"
240,魚,project_n5_n4,4,2,1208,fish,"[""魚"",""田"",""杰""]"
241,兄,project_n5_n4,4,2,1219,elder brother; big brother,"[""口"",""儿""]"
242,犬,project_n5_n4,4,1,1326,dog,"[""犬"",""大"",""丶""]"
243,妹,project_n5_n4,4,2,1446,younger sister,"[""｜"",""女"",""二"",""ハ"",""木"",""亠""]"
244,姉,project_n5_n4,4,2,1473,elder sister,"[""巾"",""女"",""亠""]"
245,漢,project_n5_n4,4,3,1487,Sino-; China,"[""汁"",""艾"",""口"",""一"",""大"",""二""]"
246,政,frequency_extension,3,5,17,politics; government,"[""一"",""止"",""攵"",""乞""]"
247,分,frequency_extension,,2,24,part; minute of time; segment; share; degree; one's lot; duty; understand; know; rate; 1%; chances; shaku/100,"[""刀"",""ハ""]"
248,議,frequency_extension,3,4,25,deliberation; consultation; debate; consideration,"[""一"",""王"",""言"",""并"",""羊"",""亅"",""戈"",""手""]"
249,民,frequency_extension,3,4,28,people; nation; subjects,"[""口"",""氏"",""尸""]"
250,連,frequency_extension,3,4,30,take along; lead; join; connect; party; gang; clique,"[""込"",""車""]"
251,対,frequency_extension,3,3,34,vis-a-vis; opposite; even; equal; versus; anti-; compare,"[""寸"",""文""]"
252,部,frequency_extension,3,3,36,section; bureau; dept; class; copy; part; portion; counter for copies of a newspaper or magazine,"[""口"",""邦"",""立""]"
253,党,frequency_extension,2,6,39,party; faction; clique,"[""口"",""尚"",""儿"",""冖""]"
254,合,frequency_extension,3,2,41,fit; suit; join; 0.1,"[""口"",""个"",""一""]"
255,市,frequency_extension,3,2,42,market; city; town,"[""巾"",""亠""]"
256,内,frequency_extension,3,2,44,inside; within; between; among; house; home,"[""人"",""冂""]"
257,相,frequency_extension,3,3,45,inter-; mutual; together; each other; minister of state; councillor; aspect; phase; physiognomy,"[""木"",""目""]"
258,定,frequency_extension,3,3,48,determine; fix; establish; decide,"[""疋"",""宀""]"
259,回,frequency_extension,3,2,50,-times; round; game; revolve; counter for occurrences,"[""口"",""囗""]"
260,選,frequency_extension,3,4,57,elect; select; choose; prefer,"[""｜"",""込"",""二"",""ハ"",""已""]"
261,米,frequency_extension,3,2,61,rice; USA; metre,"[""米""]"
262,実,frequency_extension,3,3,68,reality; truth; seed; fruit; nut,"[""士"",""大"",""宀""]"
263,関,frequency_extension,3,4,70,connection; barrier; gateway; involve; concerning,"[""人"",""大"",""二"",""ハ"",""門"",""并"",""一""]"
264,決,frequency_extension,3,3,71,decide; fix; agree upon; appoint,"[""汁"",""人"",""大"",""二"",""ユ""]"
265,全,frequency_extension,3,3,75,whole; entire; all; complete; fulfill,"[""王"",""ハ"",""个""]"
266,表,frequency_extension,3,3,77,surface; table; chart; diagram,"[""衣"",""士"",""土"",""二"",""亠""]"
267,戦,frequency_extension,3,4,78,war; battle; match,"[""十"",""尚"",""田"",""戈""]"
268,経,frequency_extension,3,5,79,sutra; longitude; pass thru; expire; warp,"[""糸"",""幺"",""小"",""土"",""又""]"
269,最,frequency_extension,3,4,82,utmost; most; extreme,"[""一"",""耳"",""日"",""又""]"
270,氏,frequency_extension,1,4,84,family name; surname; clan,"[""氏""]"
271,現,frequency_extension,3,5,85,present; existing; actual,"[""王"",""見""]"
272,調,frequency_extension,3,3,87,tune; tone; meter; key (music); writing style; prepare; exorcise; investigate; harmonize; mediate,"[""言"",""口"",""土"",""冂""]"
273,化,frequency_extension,3,3,89,change; take the form of; influence; enchant; delude; -ization,"[""化"",""匕""]"
274,当,frequency_extension,3,2,91,hit; right; appropriate; himself,"[""ヨ"",""尚""]"
275,約,frequency_extension,3,4,94,promise; approximately; shrink,"[""糸"",""幺"",""小"",""丶"",""勹""]"
276,首,frequency_extension,3,2,98,neck; counter for songs and poems,"[""自"",""首"",""并"",""目""]"
277,法,frequency_extension,3,4,100,method; law; rule; principle; model; system,"[""汁"",""土"",""厶""]"
278,性,frequency_extension,3,5,104,sex; gender; nature,"[""生"",""忙""]"
279,的,frequency_extension,,4,105,bull's eye; mark; target; object; adjective ending,"[""白"",""丶"",""勹""]"
280,要,frequency_extension,3,4,106,need; main point; essence; pivot; key to,"[""女"",""西""]"
281,制,frequency_extension,3,5,108,system; law; rule,"[""ノ"",""刈"",""牛"",""巾"",""二""]"
282,治,frequency_extension,3,4,109,reign; be at peace; calm down; subdue; quell; govt; cure; heal; rule; conserve,"[""口"",""汁"",""厶""]"
283,務,frequency_extension,3,5,111,task; duties,"[""矛"",""力"",""攵""]"
284,成,frequency_extension,3,4,116,turn into; become; get; grow; elapse; reach,"[""ノ"",""戈""]"
285,期,frequency_extension,3,3,117,period; time; date; term,"[""甘"",""月"",""ハ""]"
286,協,frequency_extension,2,4,121,co-; cooperation,"[""十"",""力""]"
287,取,frequency_extension,3,3,122,take; fetch; take up,"[""耳"",""又""]"
288,都,frequency_extension,3,3,123,metropolis; capital; all; everything,"[""日"",""邦"",""老""]"
289,和,frequency_extension,3,3,124,harmony; Japanese style; peace; soften; Japan,"[""禾"",""口""]"
290,統,frequency_extension,1,5,125,overall; relationship; ruling; governing,"[""糸"",""幺"",""小"",""亠"",""儿"",""厶""]"
291,機,frequency_extension,3,4,127,loom; mechanism; machine; airplane; opportunity; potency; efficacy; occasion,"[""ノ"",""木"",""丶"",""幺"",""戈""]"
292,平,frequency_extension,3,3,128,even; flat; peace,"[""干"",""并""]"
293,総,frequency_extension,2,5,129,general; whole; all; full; total,"[""糸"",""幺"",""小"",""心"",""ハ"",""厶""]"
294,加,frequency_extension,3,4,130,add; addition; increase; join; include; Canada,"[""口"",""力""]"
295,受,frequency_extension,3,3,136,accept; undergo; answer (phone); take; get; catch; receive,"[""爪"",""又"",""冖""]"
296,区,frequency_extension,2,3,137,ward; district,"[""匚"",""丶"",""ノ""]"
297,領,frequency_extension,2,5,138,jurisdiction; dominion; territory; fief; reign,"[""貝"",""目"",""ハ"",""頁"",""个"",""卩"",""一""]"
298,県,frequency_extension,2,3,140,prefecture,"[""小"",""目""]"
299,続,frequency_extension,3,4,141,continue; series; sequel,"[""士"",""糸"",""幺"",""小"",""儿"",""冖""]"
300,進,frequency_extension,3,3,142,advance; proceed; progress; promote,"[""込"",""隹""]"
